elapsed_s,cpu_normalized_pct,system_cpu_pct,rss_sum_MB,system_memory_pct,backlog_proxy
0.506516899986309,2.13125,26.4,835.551232,95.2,81
1.0363977999950293,7.36875,43.5,1323.700224,97.5,155
1.5667509999912,4.05,47.8,1423.409152,95.4,191
2.0950009999942267,0.94375,34.1,1405.218816,93.2,191
2.624608599988278,1.46875,42.6,1479.213056,92.1,191
3.1515662999881897,0.7312500000000001,32.6,1552.846848,91.4,191
3.6772057999914978,0.9125000000000001,26.7,1618.137088,90.1,191
4.19913139998971,1.8875,13.9,1691.684864,90.0,191
4.721738099993672,0.55,16.8,1765.597184,90.1,191
5.249460699997144,0.75625,44.4,1839.202304,91.6,191
5.7759575999953086,0.9187500000000001,17.8,1913.102336,90.2,191
6.302842199991574,2.2,35.5,1986.699264,91.6,191
6.804094199993415,0.975,20.3,1991.467008,92.0,191
7.311514199987869,0.5875,55.1,1991.307264,92.1,191
7.820904399995925,2.45625,57.1,1991.503872,91.4,191
8.324447299994063,0.0,52.6,1934.749696,91.2,191
8.827923699995154,2.325,39.7,1934.88896,91.3,191
9.330730899993796,0.0,36.6,1933.996032,91.7,191
9.833912299989606,1.9375,44.0,1933.082624,91.2,191
10.337131799999042,1.16875,50.0,1933.111296,91.4,191
10.84504429998924,1.15,54.1,1933.18912,94.1,191
11.354830099997343,1.14375,84.2,1933.303808,91.9,191
11.86435829999391,0.5625,64.6,1932.701696,90.1,191
12.370490699991933,1.3687500000000001,57.0,1933.1072,88.9,192
12.872828199993819,0.96875,28.4,1933.238272,89.1,191
13.37453899999673,1.55,37.8,1933.324288,89.2,190
13.875927199987927,2.7312500000000006,34.7,1933.463552,89.3,191
14.37597709998954,2.5250000000000004,29.0,1933.623296,89.2,191
14.87741129999631,1.13125,30.6,1933.74208,89.8,191
15.377619299993967,0.58125,18.3,1933.84448,89.2,191
15.879777799986186,0.0,9.7,1933.787136,89.1,191
16.37988019999466,0.3875,12.7,1933.856768,89.1,191
16.910813499998767,1.8375,20.2,1933.795328,89.0,191
17.440961899992544,1.28125,19.0,1933.84448,89.1,191
17.972498299990548,1.46875,13.4,1933.754368,89.4,191
18.503624999997555,2.20625,20.1,1933.840384,89.4,191
19.03379019998829,1.09375,15.6,1933.819904,89.5,191
19.563637299987022,1.5125000000000002,15.9,1933.9264,89.4,191
20.092386099990108,0.0,17.7,1933.930496,89.5,191
20.62168599999859,2.3874999999999997,14.1,1933.971456,89.5,191
21.15194799999881,0.90625,11.0,1933.860864,89.6,191
21.681844699996873,2.025,24.3,1934.065664,89.5,191
22.211583699987386,1.8249999999999997,15.7,1933.955072,89.7,191
22.74072659999365,1.4625,11.8,1933.96736,89.7,191
23.270934899992426,0.54375,12.4,1934.036992,89.8,191
23.801357499993173,0.90625,9.6,1933.979648,89.8,191
24.33202399998845,1.83125,17.8,1934.06976,89.8,191
24.832158599994727,1.55,21.8,1934.024704,90.7,191
25.362038099992787,0.0,15.4,1934.065664,90.5,191
25.892312399999355,0.0,15.0,1934.036992,90.7,191
26.42265189999307,0.0,12.9,1934.061568,90.7,191
26.922893799986923,0.0,12.5,1934.098432,90.6,191
27.42368649999844,1.1375,12.6,1934.061568,90.7,191
27.954780799991568,2.0125,18.1,1934.114816,90.6,191
28.45524879998993,1.55,18.8,1934.352384,90.4,191
28.95556889999716,0.58125,29.7,1936.642048,90.4,191
29.485589399992023,0.375,20.8,1937.154048,89.9,191
29.989172099987627,2.09375,25.4,1032.974336,90.2,191
