family,width,height,target_fps,cameras,delay_ms,policy,n_runs,min_camera_fps_mean,min_camera_fps_sd,latency_p95_ms_mean,latency_p95_ms_sd,explicit_drop_pct_mean,explicit_drop_pct_sd,cpu_normalized_mean_pct_mean,cpu_normalized_mean_pct_sd
failure,1280,720,30,6,0.0,fifo,3,30.0,0.0,7.033278331073235,1.370247373233263,0.0,0.0,3.5369703389830507,0.7714773792326148
failure,1280,720,30,6,0.0,latest,3,29.966666666666665,0.0577350269189634,8.131346667505568,3.7345728336779165,0.08024691358024691,0.13899173147157656,3.719103107344633,0.6028614290367035
failure,1280,720,30,6,15.0,fifo,3,10.177777777777777,0.03849001794597491,3175.0948066653414,42.64447148670317,62.51851851851852,0.14698618394803295,1.192231638418079,0.09489475918757494
failure,1280,720,30,6,15.0,latest,3,9.833333333333334,0.033333333333333215,53.00277500306644,0.10155444583188639,66.74074074074075,0.12143404674632921,3.4097092343658675,0.95868449560768
failure,1280,720,30,6,30.0,fifo,3,5.2444444444444445,0.019245008972987455,6165.377165003641,16.770710331917392,78.88271604938271,0.03854937036048504,0.9171714307320025,0.3722204292309953
failure,1280,720,30,6,30.0,latest,3,5.144444444444445,0.019245008972987455,68.12917666635865,0.0768681905099763,82.60493827160494,0.10850861624226818,3.4241020114942526,0.8355686020192418
matrix,424,240,5,1,0.0,fifo,3,5.0,0.0,0.9964183368235048,0.012797328359047355,0.0,0.0,0.08721751412429378,0.02295243915224353
matrix,424,240,5,2,0.0,fifo,3,5.0,0.0,1.25061000023076,0.06763240181160497,0.0,0.0,0.09385593220338982,0.07535354583185896
matrix,424,240,5,4,0.0,fifo,3,5.0,0.0,1.84677166447121,0.12400078676962503,0.0,0.0,0.2603082992402104,0.10779516050104598
matrix,424,240,5,6,0.0,fifo,3,5.0,0.0,2.309925001948916,0.11959931818326133,0.0,0.0,0.18439265536723165,0.06145915244359097
matrix,640,480,30,1,0.0,fifo,3,30.0,0.0,1.1325816713603358,0.11745098598556984,0.0,0.0,0.3826459916228327,0.036582360083836855
matrix,640,480,30,2,0.0,fifo,3,30.0,0.0,1.5230266704747912,0.015422967352679626,0.0,0.0,0.32524839275277617,0.2021952877017377
matrix,640,480,30,4,0.0,fifo,3,30.0,0.0,2.304284995625493,0.1827605187819842,0.0,0.0,1.0861935028248588,0.5102232503127198
matrix,640,480,30,6,0.0,fifo,3,30.0,0.0,3.1485733391794697,0.6323543983631347,0.0,0.0,2.132132768361582,0.6033565057024934
matrix,1280,720,30,1,0.0,fifo,3,30.0,0.0,2.1043750025758827,0.4178550462284393,0.0,0.0,0.5436087570621468,0.3047097310637157
matrix,1280,720,30,2,0.0,fifo,3,30.0,0.0,3.4290116687770924,0.6743870490440944,0.0,0.0,0.7884887005649718,0.21949961163747253
matrix,1280,720,30,4,0.0,fifo,3,30.0,0.0,4.970128331236385,0.31647576446591247,0.0,0.0,2.130861581920904,0.13964236561511637
matrix,1280,720,30,6,0.0,fifo,3,30.0,0.0,6.952580004629756,1.1828309812162758,0.0,0.0,3.884992937853107,0.46344933815823786
