status,failure,cameras,width,height,target_fps,duration_s,delay_ms,policy,slots,aggregate_fps,min_camera_fps,completion_ratio,explicit_drop_pct,deadline_miss_pct,backlog_at_end,latency_mean_ms,latency_p95_ms,queue_wait_p95_ms,copy_p95_ms,target_payload_Mbps,completed_payload_MBps,pool_MB,cpu_normalized_mean_pct,rss_sum_peak_MB,backlog_sample_peak,gpu,run_id
ok,,6,1280,720,30,30.0,0.0,fifo,32,180.0,30.0,1.0,0.0,0.0,0,5.154676592571411,8.547270005510654,4.858324988890672,1.3240549953479794,6635.52,829.44,884.736,4.290148305084745,2077.483008,5,NA,failure_D0_fifo_r1
ok,,6,1280,720,30,30.0,0.0,fifo,32,180.0,30.0,1.0,0.0,0.0,0,4.245123629462561,5.878224996558857,2.7852300052472856,0.838405007380062,6635.52,829.44,884.736,2.7484110169491527,2090.348544,5,NA,failure_D0_fifo_r2
ok,,6,1280,720,30,30.0,0.0,fifo,32,180.0,30.0,1.0,0.0,0.0,0,4.370127555550964,6.674339991150192,3.445474996260601,0.8491199907439296,6635.52,829.44,884.736,3.572351694915254,2090.9056,5,NA,failure_D0_fifo_r3
ok,,6,1280,720,30,30.0,0.0,latest,32,179.56666666666666,29.9,0.9975925925925926,0.24074074074074073,0.0,0,6.078075552188393,12.443389998225026,7.385469993459992,1.962659999844618,6635.52,827.4432,884.736,4.402754237288136,1997.852672,5,NA,failure_D0_latest_r1
ok,,6,1280,720,30,30.0,0.0,latest,32,180.0,30.0,1.0,0.0,0.0,0,4.320710759348003,5.9335400103009315,3.140345003339462,0.6110649963375183,6635.52,829.44,884.736,3.2636652542372877,2091.2128,5,NA,failure_D0_latest_r2
ok,,6,1280,720,30,30.0,0.0,latest,32,180.0,30.0,1.0,0.0,0.0,0,4.336080870319468,6.0171099939907435,3.1494149996433407,0.6531499951961459,6635.52,829.44,884.736,3.490889830508475,2088.935424,5,NA,failure_D0_latest_r3
ok,,6,1280,720,30,30.0,15.0,fifo,32,61.2,10.2,0.34,62.46296296296296,0.0,191,2890.5416039759507,3158.047950000764,3141.4787999929104,1.9100249955954496,6635.52,282.0096,884.736,1.1211864406779661,2083.127296,191,NA,failure_D15_fifo_r1
ok,,6,1280,720,30,30.0,15.0,fifo,32,60.8,10.133333333333333,0.3377777777777778,62.68518518518518,0.0,191,2907.2423169955714,3223.625789993821,3205.353224986902,2.024229992821347,6635.52,280.1664,884.736,1.3,1992.912896,191,NA,failure_D15_fifo_r2
ok,,6,1280,720,30,30.0,15.0,fifo,32,61.3,10.2,0.34055555555555556,62.407407407407405,0.0,191,2881.6752145186974,3143.6106800014386,3126.1367800005246,1.8637100016348995,6635.52,282.4704,884.736,1.1555084745762711,2066.231296,191,NA,failure_D15_fifo_r3
ok,,6,1280,720,30,30.0,15.0,latest,32,59.7,9.833333333333334,0.33166666666666667,66.72222222222223,0.0,6,35.208474763062036,53.119749994948506,34.36889999284176,2.0581499993568286,6635.52,275.0976,884.736,4.092349137931034,1935.020032,11,NA,failure_D15_latest_r1
ok,,6,1280,720,30,30.0,15.0,latest,32,59.86666666666667,9.8,0.3325925925925926,66.62962962962963,0.0,6,35.57564688181974,52.951425008359365,34.06104999157833,2.0846750085183885,6635.52,275.8656,884.736,2.313685344827586,2076.962816,11,NA,failure_D15_latest_r2
ok,,6,1280,720,30,30.0,15.0,latest,32,59.43333333333333,9.866666666666667,0.3301851851851852,66.87037037037037,0.0,6,35.085064329783016,52.93715000589145,34.082719996513326,2.1011799952248107,6635.52,273.8688,884.736,3.8230932203389827,2008.367104,11,NA,failure_D15_latest_r3
ok,,6,1280,720,30,30.0,30.0,fifo,32,31.566666666666666,5.233333333333333,0.17537037037037037,78.92592592592592,0.0,191,5340.2989332631105,6184.73890000314,6153.1708999944385,2.3883800007752143,6635.52,145.4592,884.736,1.3457974137931035,1991.503872,192,NA,failure_D30_fifo_r1
ok,,6,1280,720,30,30.0,30.0,fifo,32,31.466666666666665,5.233333333333333,0.1748148148148148,78.85185185185185,0.1111111111111111,192,5351.878925529552,6155.381435003801,6123.5882949928055,2.0217849909386127,6635.52,144.9984,884.736,0.7303879310344829,1980.874752,191,NA,failure_D30_fifo_r2
ok,,6,1280,720,30,30.0,30.0,fifo,32,31.666666666666668,5.266666666666667,0.17592592592592593,78.87037037037037,0.0,191,5323.84490968396,6156.011160003982,6124.636374997499,2.312809996510623,6635.52,145.92,884.736,0.675328947368421,2003.595264,191,NA,failure_D30_fifo_r3
ok,,6,1280,720,30,30.0,30.0,latest,32,31.166666666666668,5.166666666666667,0.17314814814814813,82.48148148148148,0.0,11,49.52427283445196,68.17018999863649,34.53015999693889,1.972000004025176,6635.52,143.616,884.736,2.900323275862069,2082.369536,16,NA,failure_D30_latest_r1
ok,,6,1280,720,30,30.0,30.0,latest,32,31.033333333333335,5.133333333333334,0.1724074074074074,82.64814814814815,0.0,6,50.996785177242145,68.04050000209827,33.722250002028886,2.3500000024796464,6635.52,143.0016,884.736,4.387715517241379,1941.721088,14,NA,failure_D30_latest_r2
ok,,6,1280,720,30,30.0,30.0,latest,32,30.966666666666665,5.133333333333334,0.17203703703703704,82.68518518518519,0.0,6,50.80188762119508,68.17683999834117,33.81333999568595,2.260060000116937,6635.52,142.6944,884.736,2.98426724137931,1949.974528,17,NA,failure_D30_latest_r3
ok,,1,424,240,5,30.0,0.0,fifo,32,5.0,5.0,1.0,0.0,0.0,0,0.5341433325277952,1.000759998714784,0.33404999921913237,0.2914199991209898,20.352,2.544,16.2816,0.06769067796610169,111.214592,1,NA,matrix_P0_N1_r1
ok,,1,424,240,5,30.0,0.0,fifo,32,5.0,5.0,1.0,0.0,0.0,0,0.6959153331505755,1.0064800073450892,0.4274499959137747,0.2831500009051523,20.352,2.544,16.2816,0.1125,110.952448,1,NA,matrix_P0_N1_r2
ok,,1,424,240,5,30.0,0.0,fifo,32,5.0,5.0,1.0,0.0,0.0,0,0.5390259999937067,0.9820150044106412,0.3022400007466785,0.2710799977649003,20.352,2.544,16.2816,0.08146186440677965,110.964736,0,NA,matrix_P0_N1_r3
ok,,2,424,240,5,30.0,0.0,fifo,32,10.0,5.0,1.0,0.0,0.0,0,0.6909966657985933,1.2053399957949296,0.6546100070409011,0.26757499945233576,40.704,5.088,32.5632,0.14639830508474574,182.788096,2,NA,matrix_P0_N2_r1
ok,,2,424,240,5,30.0,0.0,fifo,32,10.0,5.0,1.0,0.0,0.0,0,0.7204626661162669,1.3283549997140653,0.7171550001658035,0.2706900035263972,40.704,5.088,32.5632,0.12764830508474576,182.370304,2,NA,matrix_P0_N2_r2
ok,,2,424,240,5,30.0,0.0,fifo,32,10.0,5.0,1.0,0.0,0.0,0,0.7134033331143049,1.218135005183285,0.670724998053629,0.260714990872657,40.704,5.088,32.5632,0.0075211864406779655,181.907456,2,NA,matrix_P0_N2_r3
ok,,4,424,240,5,30.0,0.0,fifo,32,20.0,5.0,1.0,0.0,0.0,0,0.9595026665677627,1.8060199989122336,1.1672399923554617,0.250844989932375,81.408,10.176,65.1264,0.22489224137931035,324.673536,4,NA,matrix_P0_N4_r1
ok,,4,424,240,5,30.0,0.0,fifo,32,20.0,5.0,1.0,0.0,0.0,0,0.9909523335954873,1.7482749964983668,1.1147050005092747,0.24691500220797025,81.408,10.176,65.1264,0.17467672413793103,323.411968,3,NA,matrix_P0_N4_r2
ok,,4,424,240,5,30.0,0.0,fifo,32,20.0,5.0,1.0,0.0,0.0,0,0.9820444998816432,1.9860199980030295,1.299809997726697,0.270525007363176,81.408,10.176,65.1264,0.3813559322033898,323.813376,3,NA,matrix_P0_N4_r3
ok,,6,424,240,5,30.0,0.0,fifo,32,30.0,5.0,1.0,0.0,0.0,0,1.2704248888055898,2.32673500140663,1.6178399935597554,0.22952500148676333,122.112,15.264,97.6896,0.25116525423728814,467.161088,6,NA,matrix_P0_N6_r1
ok,,6,424,240,5,30.0,0.0,fifo,32,30.0,5.0,1.0,0.0,0.0,0,1.3291552218854323,2.420230005373014,1.6848799910803787,0.24859998738975264,122.112,15.264,97.6896,0.1301906779661017,465.22368,5,NA,matrix_P0_N6_r2
ok,,6,424,240,5,30.0,0.0,fifo,32,30.0,5.0,1.0,0.0,0.0,0,1.1631995554974612,2.182809999067103,1.5801400033524249,0.23129999972297802,122.112,15.264,97.6896,0.17182203389830508,464.73216,5,NA,matrix_P0_N6_r3
ok,,1,640,480,30,30.0,0.0,fifo,32,30.0,30.0,1.0,0.0,0.0,0,0.7035069998851718,1.2404150038491903,0.33768499488360243,0.4597999948600773,368.64,46.08,49.152,0.40879237288135595,180.727808,0,NA,matrix_P1_N1_r1
ok,,1,640,480,30,30.0,0.0,fifo,32,30.0,30.0,1.0,0.0,0.0,0,0.7309266665187251,1.14989500871161,0.3233100025681779,0.3092449958785435,368.64,46.08,49.152,0.34084051724137937,180.14208,1,NA,matrix_P1_N1_r2
ok,,1,640,480,30,30.0,0.0,fifo,32,30.0,30.0,1.0,0.0,0.0,0,0.6488442222083298,1.0074350015202072,0.28550499118864536,0.3035299974726513,368.64,46.08,49.152,0.3983050847457627,179.941376,0,NA,matrix_P1_N1_r3
ok,,2,640,480,30,30.0,0.0,fifo,32,60.0,30.0,1.0,0.0,0.0,0,0.9764278333588865,1.5395850074128246,0.7680349983274937,0.33687500326777803,737.28,92.16,98.304,0.31694915254237294,319.864832,1,NA,matrix_P1_N2_r1
ok,,2,640,480,30,30.0,0.0,fifo,32,60.0,30.0,1.0,0.0,0.0,0,0.9628990001187453,1.5090699998836488,0.7372749954811296,0.32592499410384335,737.28,92.16,98.304,0.5314655172413794,319.053824,2,NA,matrix_P1_N2_r2
ok,,2,640,480,30,30.0,0.0,fifo,32,60.0,30.0,1.0,0.0,0.0,0,0.9070681110703541,1.5204250041279006,0.7194250050815753,0.312544992630137,737.28,92.16,98.304,0.12733050847457628,319.045632,1,NA,matrix_P1_N2_r3
ok,,4,640,480,30,30.0,0.0,fifo,32,120.0,30.0,1.0,0.0,0.0,0,1.4607099998304167,2.450205001514405,1.393724990339251,0.40616000624140636,1474.56,184.32,196.608,1.2252118644067798,597.168128,3,NA,matrix_P1_N4_r1
ok,,4,640,480,30,30.0,0.0,fifo,32,120.0,30.0,1.0,0.0,0.0,0,1.328738750109753,2.0992949917854267,1.1877400065714026,0.2798550056468227,1474.56,184.32,196.608,1.5125,596.93056,3,NA,matrix_P1_N4_r2
ok,,4,640,480,30,30.0,0.0,fifo,32,120.0,30.0,1.0,0.0,0.0,0,1.5155816389637442,2.3633549935766482,1.4072999918425921,0.31096000820980263,1474.56,184.32,196.608,0.5208686440677966,596.914176,4,NA,matrix_P1_N4_r3
ok,,6,640,480,30,30.0,0.0,fifo,32,180.0,30.0,1.0,0.0,0.0,0,2.1758605184893693,3.8776450135628697,2.3879750035121123,0.5655849985487297,2211.84,276.48,294.912,2.0106991525423727,869.363712,5,NA,matrix_P1_N6_r1
ok,,6,640,480,30,30.0,0.0,fifo,32,180.0,30.0,1.0,0.0,0.0,0,1.850893370428821,2.7492099936353047,1.6697149956598878,0.28684000062639875,2211.84,276.48,294.912,1.5987288135593223,875.19232,6,NA,matrix_P1_N6_r2
ok,,6,640,480,30,30.0,0.0,fifo,32,180.0,30.0,1.0,0.0,0.0,0,1.873163111112835,2.818865010340234,1.676654990296811,0.29684500404982844,2211.84,276.48,294.912,2.786970338983051,872.722432,5,NA,matrix_P1_N6_r3
ok,,1,1280,720,30,30.0,0.0,fifo,32,30.0,30.0,1.0,0.0,0.0,0,1.3853621109188277,1.8955450053908853,0.29199499695096154,0.815639991196803,1105.92,138.24,147.456,0.33230932203389835,386.420736,0,NA,matrix_P2_N1_r1
ok,,1,1280,720,30,30.0,0.0,fifo,32,30.0,30.0,1.0,0.0,0.0,0,1.4868961112935923,2.585480011475738,0.31371500226669014,1.1425050019170147,1105.92,138.24,147.456,0.405614406779661,386.51904,1,NA,matrix_P2_N1_r2
ok,,1,1280,720,30,30.0,0.0,fifo,32,30.0,30.0,1.0,0.0,0.0,0,1.3737064443961975,1.8320999908610243,0.3104300056293141,0.6819449954491572,1105.92,138.24,147.456,0.8929025423728814,385.839104,0,NA,matrix_P2_N1_r3
ok,,2,1280,720,30,30.0,0.0,fifo,32,60.0,30.0,1.0,0.0,0.0,0,2.1737696666564768,4.027715007396182,1.339935001306003,1.26122499932535,2211.84,276.48,294.912,0.9117584745762712,727.83872,1,NA,matrix_P2_N2_r1
ok,,2,1280,720,30,30.0,0.0,fifo,32,60.0,30.0,1.0,0.0,0.0,0,2.097117278034501,3.5608950005553175,1.2134399978094732,0.9259949998522634,2211.84,276.48,294.912,0.9186440677966102,727.281664,1,NA,matrix_P2_N2_r2
ok,,2,1280,720,30,30.0,0.0,fifo,32,60.0,30.0,1.0,0.0,0.0,0,1.9052372223571485,2.698424998379778,0.9218850042088887,0.5976600084977688,2211.84,276.48,294.912,0.5350635593220339,727.863296,1,NA,matrix_P2_N2_r3
ok,,4,1280,720,30,30.0,0.0,fifo,32,120.0,30.0,1.0,0.0,0.0,0,3.3260714999899696,5.189105001045389,2.3473600042052563,0.9391200052050401,4423.68,552.96,589.824,2.1552966101694913,1408.417792,3,NA,matrix_P2_N4_r1
ok,,4,1280,720,30,30.0,0.0,fifo,32,120.0,30.0,1.0,0.0,0.0,0,3.219600055640007,4.60727499666973,1.9411000095715276,0.92302999983076,4423.68,552.96,589.824,1.9806144067796612,1411.452928,3,NA,matrix_P2_N4_r2
ok,,4,1280,720,30,30.0,0.0,fifo,32,120.0,30.0,1.0,0.0,0.0,0,3.5489993334461665,5.114004995994034,2.5134150018857326,0.809819994174175,4423.68,552.96,589.824,2.2566737288135594,1408.90112,3,NA,matrix_P2_N4_r3
ok,,6,1280,720,30,30.0,0.0,fifo,32,180.0,30.0,1.0,0.0,0.0,0,4.29685170378232,5.923670008633053,2.937204999034293,0.7327899904339585,6635.52,829.44,884.736,4.103813559322034,2090.369024,5,NA,matrix_P2_N6_r1
ok,,6,1280,720,30,30.0,0.0,fifo,32,180.0,30.0,1.0,0.0,0.0,0,4.492693148069385,6.689155002095504,3.2832149998284876,0.9230149989889473,6635.52,829.44,884.736,3.3526483050847453,2093.52704,5,NA,matrix_P2_N6_r2
ok,,6,1280,720,30,30.0,0.0,fifo,32,180.0,30.0,1.0,0.0,0.0,0,4.599954166726632,8.244915003160713,4.368334994069302,1.1768399970605972,6635.52,829.44,884.736,4.198516949152542,2091.08992,5,NA,matrix_P2_N6_r3
