family,width,height,target_fps,cameras,delay_ms,policy,slots,duration_s,seed,code_commit,n_runs,min_camera_fps_n,min_camera_fps_mean,min_camera_fps_sd,aggregate_fps_n,aggregate_fps_mean,aggregate_fps_sd,completion_ratio_n,completion_ratio_mean,completion_ratio_sd,explicit_drop_pct_n,explicit_drop_pct_mean,explicit_drop_pct_sd,deadline_miss_pct_n,deadline_miss_pct_mean,deadline_miss_pct_sd,backlog_at_end_n,backlog_at_end_mean,backlog_at_end_sd,latency_mean_ms_n,latency_mean_ms_mean,latency_mean_ms_sd,latency_p95_ms_n,latency_p95_ms_mean,latency_p95_ms_sd,queue_wait_p95_ms_n,queue_wait_p95_ms_mean,queue_wait_p95_ms_sd,copy_p95_ms_n,copy_p95_ms_mean,copy_p95_ms_sd,cpu_normalized_mean_pct_n,cpu_normalized_mean_pct_mean,cpu_normalized_mean_pct_sd,rss_sum_peak_MB_n,rss_sum_peak_MB_mean,rss_sum_peak_MB_sd
failure,640,480,30,4,0.0,fifo,32,10.0,42,4ee1af0532560f8a1589afe6fe5b333651da3d48,3,3,30.0,0.0,3,120.0,0.0,3,1.0,0.0,3,0.0,0.0,3,0.0,0.0,3,0,0.0,3,1.3944206665069536,0.04144300294098413,3,2.8151150094345208,0.1655646887769716,3,1.320364999022179,0.072951650219829,3,0.5067633401874142,0.009300761043257638,3,1.5554093567251461,0.14673942450903457,3,605.8298026666666,0.2218025917733046
failure,640,480,30,4,0.0,latest,32,10.0,42,4ee1af0532560f8a1589afe6fe5b333651da3d48,3,3,30.0,0.0,3,120.0,0.0,3,1.0,0.0,3,0.0,0.0,3,0.0,0.0,3,0,0.0,3,1.4742640835983265,0.06630091072466063,3,2.8877933349576774,0.2649379805485741,3,1.5404650000467273,0.16026033693140104,3,0.5222933323238976,0.04970690060645912,3,1.1793859649122806,0.302490750350154,3,605.8707626666667,0.21066876542416094
failure,640,480,30,4,15.0,fifo,32,10.0,42,4ee1af0532560f8a1589afe6fe5b333651da3d48,3,3,15.666666666666666,0.05773502691896237,3,62.93333333333334,0.20816659994661224,3,0.5244444444444445,0.0017347216662218173,3,36.97222222222222,0.20971762320196416,3,0.0,0.0,3,127,1.0,3,1608.5841565065311,4.7972810763159766,3,2021.3584550016094,5.331278296433205,3,2005.6209616697743,5.391251589808428,3,0.7933666721025171,0.04270364510346973,3,0.7931286549707602,0.11977485847661969,3,605.630464,0.11262138027923571
failure,640,480,30,4,15.0,latest,32,10.0,42,4ee1af0532560f8a1589afe6fe5b333651da3d48,3,3,15.266666666666666,0.11547005383792577,3,62.13333333333333,0.1154700538379268,3,0.5177777777777778,0.0009622504486493344,3,47.94444444444444,0.1272937693043294,3,0.0,0.0,3,3.3333333333333335,0.5773502691896257,3,33.51300009315703,0.5977193197765204,3,50.498504991507254,1.4358178899133256,3,34.47442999846917,1.5138933679551814,3,0.7746733341870519,0.032364802058246475,3,1.2032163742690059,0.31830755714186354,3,605.835264,0.15303918954305057
failure,640,480,30,4,30.0,fifo,32,10.0,42,4ee1af0532560f8a1589afe6fe5b333651da3d48,3,3,8.0,0.0,3,32.1,0.0,3,0.2675,0.0,3,62.583333333333336,0.0,3,0.0,0.0,3,128,0.0,3,2919.9251341637123,2.137666014471172,3,3984.0935000102036,5.125518860646734,3,3953.2335333157484,5.287068191072821,3,0.8860000040537367,0.02642292133819277,3,0.6346491228070176,0.07553416019739113,3,605.4638933333333,0.3528825435712825
failure,640,480,30,4,30.0,latest,32,10.0,42,4ee1af0532560f8a1589afe6fe5b333651da3d48,3,3,7.9,0.0,3,31.766666666666666,0.0577350269189634,3,0.26472222222222225,0.0004811252243246992,3,73.19444444444444,0.04811252243246608,3,0.0,0.0,3,4,0.0,3,48.209141676837355,1.8526382033290465,3,64.48485333142646,0.6526090970236482,3,32.8300816642392,0.7091994581556826,3,0.8640466573221298,0.024327555228949964,3,1.0524853801169591,0.5168952844609621,3,595.349504,9.784873351594937
matrix,640,480,30,1,0.0,fifo,32,10.0,42,4ee1af0532560f8a1589afe6fe5b333651da3d48,3,3,30.0,0.0,3,30.0,0.0,3,1.0,0.0,3,0.0,0.0,3,0.0,0.0,3,0,0.0,3,0.6892792218261296,0.040151902255337185,3,1.6149666679363388,0.059106092726111316,3,0.2919266752239007,0.027159829491765233,3,0.5902799903803195,0.040133068183914974,3,0.46081871345029235,0.3195296098015973,3,183.94589866666666,0.135498585635916
matrix,640,480,30,2,0.0,fifo,32,10.0,42,4ee1af0532560f8a1589afe6fe5b333651da3d48,3,3,30.0,0.0,3,60.0,0.0,3,1.0,0.0,3,0.0,0.0,3,0.0,0.0,3,0,0.0,3,0.9066524999313211,0.03354141793595607,3,2.01089001445022,0.05236624455683564,3,0.7761483328067695,0.04682518799998932,3,0.5249333325385425,0.04460752279541606,3,0.6216374269005849,0.3161843697246137,3,324.6749013333333,0.11084455113956516
matrix,640,480,30,4,0.0,fifo,32,10.0,42,4ee1af0532560f8a1589afe6fe5b333651da3d48,3,3,30.0,0.0,3,120.0,0.0,3,1.0,0.0,3,0.0,0.0,3,0.0,0.0,3,0,0.0,3,1.3960245277040586,0.0818565100630295,3,2.7362416571122585,0.10506628065212147,3,1.4047466698684725,0.12322691004161737,3,0.5064350135702019,0.005287749739936636,3,1.3099415204678362,0.3427912413244505,3,605.663232,0.06767702688500578
