run_id,status,valid,failure,mode,cameras,width,height,target_fps,duration_s,slots,delay_ms,policy,seed,family,code_commit,frame_bytes,aggregate_fps,min_camera_fps,completion_ratio,explicit_drop_pct,deadline_miss_pct,backlog_at_end,latency_mean_ms,latency_p95_ms,queue_wait_p95_ms,copy_p95_ms,target_payload_Mbps,completed_payload_MBps,pool_MB,cpu_normalized_mean_pct,rss_sum_peak_MB,backlog_sample_peak,resource_samples,resource_samples_valid,resource_monitor_processes,resource_monitor_expected,gpu,accounting_all_ok,frames_received,total_expected_frames,achieved_total_fps
F_fifo_d0_r1,ok,True,,shm,4,640,480,30,10.0,32,0.0,fifo,42,failure,4ee1af0532560f8a1589afe6fe5b333651da3d48,1536000,120.0,30.0,1.0,0.0,0.0,0,1.3977215834650754,2.908145019318908,1.2881049959105435,0.5173100100364536,1474.56,184.32,196.608,1.5390350877192982,605.618176,2,19,19,5,5,NA,True,1200,1200,120.0
F_fifo_d0_r2,ok,True,,shm,4,640,480,30,10.0,32,0.0,fifo,42,failure,4ee1af0532560f8a1589afe6fe5b333651da3d48,1536000,120.0,30.0,1.0,0.0,0.0,0,1.434114499691835,2.9132400028174743,1.4038850029464804,0.49973502027569333,1474.56,184.32,196.608,1.4175438596491228,606.060544,3,19,19,5,5,NA,True,1200,1200,120.0
F_fifo_d0_r3,ok,True,,shm,4,640,480,30,10.0,32,0.0,fifo,42,failure,4ee1af0532560f8a1589afe6fe5b333651da3d48,1536000,120.0,30.0,1.0,0.0,0.0,0,1.3514259163639508,2.62396000616718,1.2691049982095133,0.5032449902500957,1474.56,184.32,196.608,1.7096491228070176,605.810688,3,19,19,5,5,NA,True,1200,1200,120.0
F_fifo_d15_r1,ok,True,,shm,4,640,480,30,10.0,32,15.0,fifo,42,failure,4ee1af0532560f8a1589afe6fe5b333651da3d48,1536000,63.0,15.7,0.525,37.0,0.0,126,1607.8323414288684,2022.2502950025955,2006.5876849970664,0.79211999400286,1474.56,96.768,196.608,0.862280701754386,605.728768,128,19,19,5,5,NA,True,630,1200,63.0
F_fifo_d15_r2,ok,True,,shm,4,640,480,30,10.0,32,15.0,fifo,42,failure,4ee1af0532560f8a1589afe6fe5b333651da3d48,1536000,62.7,15.6,0.5225,37.166666666666664,0.0,127,1613.7129564586123,2026.187570008915,2010.4634500050452,0.8366800058865919,1474.56,96.3072,196.608,0.6548245614035089,605.507584,128,19,19,5,5,NA,True,627,1200,62.7
F_fifo_d15_r3,ok,True,,shm,4,640,480,30,10.0,32,15.0,fifo,42,failure,4ee1af0532560f8a1589afe6fe5b333651da3d48,1536000,63.1,15.7,0.5258333333333334,36.75,0.0,128,1604.2071716321125,2015.6374999933178,1999.8117500072112,0.7513000164180994,1474.56,96.9216,196.608,0.862280701754386,605.65504,128,19,19,5,5,NA,True,631,1200,63.1
F_fifo_d30_r1,ok,True,,shm,4,640,480,30,10.0,32,30.0,fifo,42,failure,4ee1af0532560f8a1589afe6fe5b333651da3d48,1536000,32.1,8.0,0.2675,62.583333333333336,0.0,128,2920.35924454756,3984.5069000148214,3953.829099977156,0.8772000146564096,1474.56,49.3056,196.608,0.5478070175438596,605.069312,128,19,19,5,5,NA,True,321,1200,32.1
F_fifo_d30_r2,ok,True,,shm,4,640,480,30,10.0,32,30.0,fifo,42,failure,4ee1af0532560f8a1589afe6fe5b333651da3d48,1536000,32.1,8.0,0.2675,62.583333333333336,0.0,128,2917.603731776005,3978.773800015915,3947.6738999946974,0.8650999807287008,1474.56,49.3056,196.608,0.6710526315789475,605.749248,128,19,19,5,5,NA,True,321,1200,32.1
F_fifo_d30_r3,ok,True,,shm,4,640,480,30,10.0,32,30.0,fifo,42,failure,4ee1af0532560f8a1589afe6fe5b333651da3d48,1536000,32.1,8.0,0.2675,62.583333333333336,0.0,128,2921.812426167572,3988.999799999874,3958.197599975392,0.9157000167760998,1474.56,49.3056,196.608,0.6850877192982455,605.57312,128,19,19,5,5,NA,True,321,1200,32.1
F_latest_d0_r1,ok,True,,shm,4,640,480,30,10.0,32,0.0,latest,42,failure,4ee1af0532560f8a1589afe6fe5b333651da3d48,1536000,120.0,30.0,1.0,0.0,0.0,0,1.4638970003579743,2.7838050038553765,1.4867199977743437,0.5186199909076095,1474.56,184.32,196.608,1.0530701754385963,606.02368,2,19,19,5,5,NA,True,1200,1200,120.0
F_latest_d0_r2,ok,True,,shm,4,640,480,30,10.0,32,0.0,latest,42,failure,4ee1af0532560f8a1589afe6fe5b333651da3d48,1536000,120.0,30.0,1.0,0.0,0.0,0,1.5451378334061399,3.1889500052784565,1.7206899763550607,0.5737350016715935,1474.56,184.32,196.608,1.5245614035087718,605.958144,3,19,19,5,5,NA,True,1200,1200,120.0
F_latest_d0_r3,ok,True,,shm,4,640,480,30,10.0,32,0.0,latest,42,failure,4ee1af0532560f8a1589afe6fe5b333651da3d48,1536000,120.0,30.0,1.0,0.0,0.0,0,1.4137574170308653,2.6906249957391988,1.4139850260107776,0.4745250043924898,1474.56,184.32,196.608,0.9605263157894737,605.630464,3,19,19,5,5,NA,True,1200,1200,120.0
F_latest_d15_r1,ok,True,,shm,4,640,480,30,10.0,32,15.0,latest,42,failure,4ee1af0532560f8a1589afe6fe5b333651da3d48,1536000,62.2,15.4,0.5183333333333333,47.916666666666664,0.0,3,34.19584694593228,51.53560001199356,35.48329000914226,0.7374899985734373,1474.56,95.5392,196.608,1.2513157894736842,605.999104,6,19,19,5,5,NA,True,622,1200,62.2
F_latest_d15_r2,ok,True,,shm,4,640,480,30,10.0,32,15.0,latest,42,failure,4ee1af0532560f8a1589afe6fe5b333651da3d48,1536000,62.0,15.2,0.5166666666666667,48.083333333333336,0.0,3,33.08463693491273,48.85973498021485,32.73366499051917,0.7965100099681877,1474.56,95.232,196.608,1.4947368421052634,605.810688,6,19,19,5,5,NA,True,620,1200,62.0
F_latest_d15_r3,ok,True,,shm,4,640,480,30,10.0,32,15.0,latest,42,failure,4ee1af0532560f8a1589afe6fe5b333651da3d48,1536000,62.2,15.2,0.5183333333333333,47.833333333333336,0.0,4,33.25851639862609,51.10017998231336,35.206334995746076,0.7900199940195305,1474.56,95.5392,196.608,0.86359649122807,605.696,6,19,19,5,5,NA,True,622,1200,62.2
F_latest_d30_r1,ok,True,,shm,4,640,480,30,10.0,32,30.0,latest,42,failure,4ee1af0532560f8a1589afe6fe5b333651da3d48,1536000,31.7,7.9,0.26416666666666666,73.25,0.0,4,50.2532596212565,64.17039999505505,32.334100006846704,0.8895599923562258,1474.56,48.6912,196.608,1.0175438596491229,601.174016,7,19,19,5,5,NA,True,317,1200,31.7
F_latest_d30_r2,ok,True,,shm,4,640,480,30,10.0,32,30.0,latest,42,failure,4ee1af0532560f8a1589afe6fe5b333651da3d48,1536000,31.8,7.9,0.265,73.16666666666667,0.0,4,46.640772642106484,65.23515500157372,33.642399984819335,0.8614699821919203,1474.56,48.8448,196.608,1.5859649122807018,584.052736,7,19,19,5,5,NA,True,318,1200,31.8
F_latest_d30_r3,ok,True,,shm,4,640,480,30,10.0,32,30.0,latest,42,failure,4ee1af0532560f8a1589afe6fe5b333651da3d48,1536000,31.8,7.9,0.265,73.16666666666667,0.0,4,47.73339276714909,64.04900499765063,32.51374500105156,0.8411099974182434,1474.56,48.8448,196.608,0.5539473684210525,600.82176,7,19,19,5,5,NA,True,318,1200,31.8
M_P1_N1_r1,ok,True,,shm,1,640,480,30,10.0,32,0.0,fifo,42,matrix,4ee1af0532560f8a1589afe6fe5b333651da3d48,1536000,30.0,30.0,1.0,0.0,0.0,0,0.6750529992859811,1.5623500192305073,0.30713000887772074,0.6212850130395964,368.64,46.08,49.152,0.3394736842105263,184.098816,0,19,19,2,2,NA,True,300,300,30.0
M_P1_N1_r2,ok,True,,shm,1,640,480,30,10.0,32,0.0,fifo,42,matrix,4ee1af0532560f8a1589afe6fe5b333651da3d48,1536000,30.0,30.0,1.0,0.0,0.0,0,0.6581773334376825,1.6036299872212112,0.2605700021376834,0.6046049762517214,368.64,46.08,49.152,0.8232456140350877,183.840768,0,19,19,2,2,NA,True,300,300,30.0
M_P1_N1_r3,ok,True,,shm,1,640,480,30,10.0,32,0.0,fifo,42,matrix,4ee1af0532560f8a1589afe6fe5b333651da3d48,1536000,30.0,30.0,1.0,0.0,0.0,0,0.734607332754725,1.678919997357298,0.3080800146562979,0.5449499818496408,368.64,46.08,49.152,0.21973684210526315,183.898112,0,19,19,2,2,NA,True,300,300,30.0
M_P1_N2_r1,ok,True,,shm,2,640,480,30,10.0,32,0.0,fifo,42,matrix,4ee1af0532560f8a1589afe6fe5b333651da3d48,1536000,60.0,30.0,1.0,0.0,0.0,0,0.8697288337862119,1.9666200139909051,0.7243250103783788,0.4852799975196829,737.28,92.16,98.304,0.9763157894736842,324.550656,1,19,19,3,3,NA,True,600,600,60.0
M_P1_N2_r2,ok,True,,shm,2,640,480,30,10.0,32,0.0,fifo,42,matrix,4ee1af0532560f8a1589afe6fe5b333651da3d48,1536000,60.0,30.0,1.0,0.0,0.0,0,0.9352389997123586,2.06869501416804,0.7887050072895361,0.5732299992814659,737.28,92.16,98.304,0.5192982456140351,324.763648,1,19,19,3,3,NA,True,600,600,60.0
M_P1_N2_r3,ok,True,,shm,2,640,480,30,10.0,32,0.0,fifo,42,matrix,4ee1af0532560f8a1589afe6fe5b333651da3d48,1536000,60.0,30.0,1.0,0.0,0.0,0,0.914989666295393,1.9973550151917152,0.8154149807523936,0.5162900008144786,737.28,92.16,98.304,0.3692982456140351,324.7104,1,19,19,3,3,NA,True,600,600,60.0
M_P1_N4_r1,ok,True,,shm,4,640,480,30,10.0,32,0.0,fifo,42,matrix,4ee1af0532560f8a1589afe6fe5b333651da3d48,1536000,120.0,30.0,1.0,0.0,0.0,0,1.3017853330044697,2.6214999947114848,1.2781400102539917,0.5003350248443894,1474.56,184.32,196.608,1.387280701754386,605.728768,1,19,19,5,5,NA,True,1200,1200,120.0
M_P1_N4_r2,ok,True,,shm,4,640,480,30,10.0,32,0.0,fifo,42,matrix,4ee1af0532560f8a1589afe6fe5b333651da3d48,1536000,120.0,30.0,1.0,0.0,0.0,0,1.4368418336865336,2.8277399920625608,1.5242899913573633,0.5097150089568458,1474.56,184.32,196.608,0.9350877192982455,605.5936,3,19,19,5,5,NA,True,1200,1200,120.0
M_P1_N4_r3,ok,True,,shm,4,640,480,30,10.0,32,0.0,fifo,42,matrix,4ee1af0532560f8a1589afe6fe5b333651da3d48,1536000,120.0,30.0,1.0,0.0,0.0,0,1.4494464164211724,2.7594849845627305,1.4118100079940628,0.5092550069093704,1474.56,184.32,196.608,1.6074561403508774,605.667328,3,19,19,5,5,NA,True,1200,1200,120.0
