timestamp,camera_id,frame_id,slot_id,t_produced,t_consumed,latency_ms,payload_bytes
219204.849261,1,0,0,219204.849261,219204.866723,17.462,1536000
219204.849227,3,0,0,219204.849227,219204.882832,33.606,1536000
219204.849301,2,0,0,219204.849301,219204.899014,49.713,1536000
219204.849335,0,0,0,219204.849335,219204.915338,66.003,1536000
219204.880567,0,1,1,219204.880567,219204.931531,50.964,1536000
219204.880575,1,1,1,219204.880575,219204.947364,66.789,1536000
219204.880563,2,1,1,219204.880563,219204.963456,82.893,1536000
219204.880607,3,1,1,219204.880607,219204.979578,98.970,1536000
219204.911988,1,2,2,219204.911988,219204.995511,83.523,1536000
219204.911934,0,2,2,219204.911934,219205.011635,99.701,1536000
219204.911942,3,2,2,219204.911942,219205.027640,115.698,1536000
219204.911967,2,2,2,219204.911967,219205.044038,132.071,1536000
219204.943632,3,3,3,219204.943632,219205.059997,116.365,1536000
219204.943595,2,3,3,219204.943595,219205.076144,132.550,1536000
219204.943658,0,3,3,219204.943658,219205.092307,148.650,1536000
219204.943598,1,3,3,219204.943598,219205.108469,164.870,1536000
219204.974939,2,4,4,219204.974939,219205.124342,149.404,1536000
219204.974983,3,4,4,219204.974983,219205.140943,165.960,1536000
219204.974961,1,4,4,219204.974961,219205.157428,182.467,1536000
219204.974923,0,4,4,219204.974923,219205.173604,198.681,1536000
219205.006288,1,5,5,219205.006288,219205.189713,183.425,1536000
219205.006317,3,5,5,219205.006317,219205.205669,199.353,1536000
219205.006301,0,5,5,219205.006301,219205.221847,215.545,1536000
219205.006336,2,5,5,219205.006336,219205.237917,231.581,1536000
219205.037787,2,6,6,219205.037787,219205.253988,216.201,1536000
219205.037869,3,6,6,219205.037869,219205.270101,232.233,1536000
219205.037821,1,6,6,219205.037821,219205.286340,248.518,1536000
219205.037898,0,6,6,219205.037898,219205.302721,264.823,1536000
219205.069146,3,7,7,219205.069146,219205.318712,249.566,1536000
219205.069161,2,7,7,219205.069161,219205.335077,265.916,1536000
219205.069110,1,7,7,219205.069110,219205.351887,282.777,1536000
219205.069115,0,7,7,219205.069115,219205.368061,298.946,1536000
219205.116172,1,8,8,219205.116172,219205.384398,268.226,1536000
219205.116148,0,8,8,219205.116148,219205.400956,284.808,1536000
219205.116196,2,8,8,219205.116196,219205.417021,300.825,1536000
219205.116182,3,8,8,219205.116182,219205.433228,317.046,1536000
219205.147238,2,9,9,219205.147238,219205.449364,302.125,1536000
219205.147303,1,9,9,219205.147303,219205.465689,318.386,1536000
219205.147273,3,9,9,219205.147273,219205.481974,334.701,1536000
219205.147316,0,9,9,219205.147316,219205.498692,351.376,1536000
219205.178294,2,10,10,219205.178294,219205.514660,336.366,1536000
219205.178273,3,10,10,219205.178273,219205.530617,352.343,1536000
219205.178316,0,10,10,219205.178316,219205.546555,368.239,1536000
219205.178337,1,10,10,219205.178337,219205.562749,384.412,1536000
219205.209599,1,11,11,219205.209599,219205.578839,369.241,1536000
219205.209574,2,11,11,219205.209574,219205.594928,385.354,1536000
219205.209580,0,11,11,219205.209580,219205.611051,401.471,1536000
219205.209611,3,11,11,219205.209611,219205.626979,417.367,1536000
219205.241563,3,12,12,219205.241563,219205.643112,401.549,1536000
219205.241635,0,12,12,219205.241635,219205.659153,417.518,1536000
219205.241665,1,12,12,219205.241665,219205.675066,433.401,1536000
219205.241599,2,12,12,219205.241599,219205.691336,449.736,1536000
219205.273315,3,13,13,219205.273315,219205.707512,434.197,1536000
219205.273341,2,13,13,219205.273341,219205.723625,450.283,1536000
219205.273403,1,13,13,219205.273403,219205.739744,466.340,1536000
219205.273384,0,13,13,219205.273384,219205.756009,482.624,1536000
219205.304875,2,14,14,219205.304875,219205.772196,467.321,1536000
219205.304875,0,14,14,219205.304875,219205.788413,483.537,1536000
219205.304924,1,14,14,219205.304924,219205.804568,499.643,1536000
219205.304951,3,14,14,219205.304951,219205.820911,515.960,1536000
219205.336686,0,15,15,219205.336686,219205.837220,500.534,1536000
219205.336721,3,15,15,219205.336721,219205.853835,517.114,1536000
219205.336745,1,15,15,219205.336745,219205.869873,533.128,1536000
219205.336761,2,15,15,219205.336761,219205.885947,549.186,1536000
219205.368165,0,16,16,219205.368165,219205.902177,534.012,1536000
219205.384513,2,16,16,219205.384513,219205.918043,533.530,1536000
219205.384535,3,16,16,219205.384535,219205.934133,549.598,1536000
219205.384578,1,16,16,219205.384578,219205.950435,565.857,1536000
219205.401006,1,17,17,219205.401006,219205.966304,565.298,1536000
219205.401052,3,17,17,219205.401052,219205.982562,581.510,1536000
219205.401034,2,17,17,219205.401034,219205.998816,597.782,1536000
219205.417081,0,17,17,219205.417081,219206.014878,597.797,1536000
219205.449460,3,18,18,219205.449460,219206.030969,581.510,1536000
219205.449362,0,18,18,219205.449362,219206.047236,597.874,1536000
219205.449426,1,18,18,219205.449426,219206.063253,613.828,1536000
219205.449398,2,18,18,219205.449398,219206.079397,629.998,1536000
219205.482104,1,19,19,219205.482104,219206.095590,613.486,1536000
219205.482076,2,19,19,219205.482076,219206.111700,629.624,1536000
219205.482049,0,19,19,219205.482049,219206.127915,645.866,1536000
219205.482040,3,19,19,219205.482040,219206.144248,662.208,1536000
219205.513866,0,20,20,219205.513866,219206.160724,646.858,1536000
219205.513899,1,20,20,219205.513899,219206.177059,663.160,1536000
219205.513827,3,20,20,219205.513827,219206.193579,679.752,1536000
219205.513844,2,20,20,219205.513844,219206.209710,695.866,1536000
219205.545585,0,21,21,219205.545585,219206.226215,680.629,1536000
219205.545641,1,21,21,219205.545641,219206.242104,696.463,1536000
219205.545625,2,21,21,219205.545625,219206.258462,712.837,1536000
219205.545617,3,21,21,219205.545617,219206.274570,728.953,1536000
219205.577397,1,22,22,219205.577397,219206.291109,713.712,1536000
219205.577392,2,22,22,219205.577392,219206.307306,729.914,1536000
219205.577429,0,22,22,219205.577429,219206.323818,746.389,1536000
219205.577475,3,22,22,219205.577475,219206.339883,762.408,1536000
219205.608682,3,23,23,219205.608682,219206.356952,748.270,1536000
219205.608737,2,23,23,219205.608737,219206.373539,764.802,1536000
219205.608718,0,23,23,219205.608718,219206.390074,781.357,1536000
219205.608712,1,23,23,219205.608712,219206.406652,797.940,1536000
219205.640157,1,24,24,219205.640157,219206.423174,783.017,1536000
219205.640114,0,24,24,219205.640114,219206.439304,799.190,1536000
219205.640161,2,24,24,219205.640161,219206.455377,815.216,1536000
219205.640184,3,24,24,219205.640184,219206.471479,831.295,1536000
219205.671513,2,25,25,219205.671513,219206.487588,816.076,1536000
219205.671530,0,25,25,219205.671530,219206.503835,832.305,1536000
219205.671539,3,25,25,219205.671539,219206.519854,848.315,1536000
219205.671567,1,25,25,219205.671567,219206.536250,864.682,1536000
219205.702841,1,26,26,219205.702841,219206.552335,849.494,1536000
219205.702920,2,26,26,219205.702920,219206.568625,865.704,1536000
219205.702877,3,26,26,219205.702877,219206.584636,881.759,1536000
219205.702835,0,26,26,219205.702835,219206.600542,897.706,1536000
219205.734127,2,27,27,219205.734127,219206.617113,882.985,1536000
219205.734136,1,27,27,219205.734136,219206.634250,900.114,1536000
219205.734166,3,27,27,219205.734166,219206.650263,916.097,1536000
219205.734184,0,27,27,219205.734184,219206.666825,932.641,1536000
219205.782038,0,28,28,219205.782038,219206.682977,900.939,1536000
219205.782057,3,28,28,219205.782057,219206.699187,917.130,1536000
219205.782015,1,28,28,219205.782015,219206.715513,933.498,1536000
219205.782091,2,28,28,219205.782091,219206.731918,949.828,1536000
219205.813744,2,29,29,219205.813744,219206.748445,934.701,1536000
219205.813833,1,29,29,219205.813833,219206.764862,951.030,1536000
219205.813790,3,29,29,219205.813790,219206.781194,967.404,1536000
219205.813805,0,29,29,219205.813805,219206.797710,983.905,1536000
219205.845096,0,30,30,219205.845096,219206.814239,969.143,1536000
219205.845110,1,30,30,219205.845110,219206.830750,985.640,1536000
219205.845136,2,30,30,219205.845136,219206.847273,1002.137,1536000
219205.845189,3,30,30,219205.845189,219206.863986,1018.797,1536000
219205.876804,0,31,31,219205.876804,219206.880089,1003.285,1536000
219205.876821,3,31,31,219205.876821,219206.896427,1019.606,1536000
219205.876841,2,31,31,219205.876841,219206.912961,1036.120,1536000
219205.876860,1,31,31,219205.876860,219206.929209,1052.349,1536000
219205.908252,1,32,0,219205.908252,219206.944949,1036.697,1536000
219205.908330,3,32,0,219205.908330,219206.960907,1052.578,1536000
219205.908289,2,32,0,219205.908289,219206.976686,1068.397,1536000
219205.908358,0,32,0,219205.908358,219206.992776,1084.418,1536000
219205.939700,3,33,1,219205.939700,219207.008625,1068.925,1536000
219205.939760,1,33,1,219205.939760,219207.024549,1084.789,1536000
219205.939725,0,33,1,219205.939725,219207.040621,1100.897,1536000
219205.939762,2,33,1,219205.939762,219207.056642,1116.879,1536000
219205.971413,2,34,2,219205.971413,219207.072411,1100.998,1536000
219205.971404,3,34,2,219205.971404,219207.088036,1116.632,1536000
219205.971427,1,34,2,219205.971427,219207.103554,1132.127,1536000
219205.971454,0,34,2,219205.971454,219207.119645,1148.191,1536000
219206.002967,0,35,3,219206.002967,219207.135556,1132.589,1536000
219206.002977,3,35,3,219206.002977,219207.151142,1148.166,1536000
219206.003009,2,35,3,219206.003009,219207.166736,1163.727,1536000
219206.003012,1,35,3,219206.003012,219207.182215,1179.203,1536000
219206.035176,2,36,4,219206.035176,219207.197824,1162.648,1536000
219206.035183,3,36,4,219206.035183,219207.213463,1178.280,1536000
219206.035208,0,36,4,219206.035208,219207.229127,1193.919,1536000
219206.035241,1,36,4,219206.035241,219207.244764,1209.524,1536000
219206.081521,1,37,5,219206.081521,219207.260796,1179.275,1536000
219206.081564,3,37,5,219206.081564,219207.276519,1194.955,1536000
219206.081555,0,37,5,219206.081555,219207.292100,1210.545,1536000
219206.081566,2,37,5,219206.081566,219207.307595,1226.030,1536000
219206.112923,2,38,6,219206.112923,219207.323258,1210.335,1536000
219206.112940,0,38,6,219206.112940,219207.338724,1225.784,1536000
219206.112974,1,38,6,219206.112974,219207.354321,1241.347,1536000
219206.112991,3,38,6,219206.112991,219207.370774,1257.783,1536000
219206.144269,2,39,7,219206.144269,219207.386483,1242.214,1536000
219206.144301,0,39,7,219206.144301,219207.401942,1257.641,1536000
219206.144345,3,39,7,219206.144345,219207.417483,1273.138,1536000
219206.144331,1,39,7,219206.144331,219207.433166,1288.835,1536000
219206.177096,2,40,8,219206.177096,219207.448735,1271.639,1536000
219206.177146,1,40,8,219206.177146,219207.464385,1287.239,1536000
219206.177120,0,40,8,219206.177120,219207.479923,1302.803,1536000
219206.177162,3,40,8,219206.177162,219207.495562,1318.399,1536000
219206.209801,0,41,9,219206.209801,219207.511374,1301.573,1536000
219206.209822,1,41,9,219206.209822,219207.527692,1317.871,1536000
219206.209841,3,41,9,219206.209841,219207.543356,1333.515,1536000
219206.209859,2,41,9,219206.209859,219207.559072,1349.214,1536000
219206.242228,1,42,10,219206.242228,219207.574586,1332.358,1536000
219206.242211,3,42,10,219206.242211,219207.590170,1347.959,1536000
219206.242281,0,42,10,219206.242281,219207.606164,1363.883,1536000
219206.242211,2,42,10,219206.242211,219207.622279,1380.069,1536000
219206.273761,3,43,11,219206.273761,219207.637813,1364.052,1536000
219206.273825,2,43,11,219206.273825,219207.653331,1379.507,1536000
219206.273664,0,43,11,219206.273664,219207.668748,1395.084,1536000
219206.273661,1,43,11,219206.273661,219207.684436,1410.775,1536000
219206.304370,1,44,12,219206.304370,219207.700064,1395.694,1536000
219206.304400,2,44,12,219206.304400,219207.715872,1411.472,1536000
219206.304429,0,44,12,219206.304429,219207.731505,1427.077,1536000
219206.304471,3,44,12,219206.304471,219207.747250,1442.778,1536000
219206.335957,0,45,13,219206.335957,219207.763359,1427.401,1536000
219206.335969,3,45,13,219206.335969,219207.779084,1443.115,1536000
219206.336011,2,45,13,219206.336011,219207.794700,1458.689,1536000
219206.336057,1,45,13,219206.336057,219207.810825,1474.768,1536000
219206.383308,0,46,14,219206.383308,219207.826834,1443.525,1536000
219206.383263,2,46,14,219206.383263,219207.842451,1459.188,1536000
219206.383262,1,46,14,219206.383262,219207.858478,1475.216,1536000
219206.383346,3,46,14,219206.383346,219207.875173,1491.826,1536000
219206.414742,2,47,15,219206.414742,219207.890670,1475.929,1536000
219206.414777,1,47,15,219206.414777,219207.906336,1491.559,1536000
219206.414770,0,47,15,219206.414770,219207.921932,1507.162,1536000
219206.414805,3,47,15,219206.414805,219207.937955,1523.150,1536000
219206.445432,3,48,16,219206.445432,219207.953834,1508.402,1536000
219206.445485,1,48,16,219206.445485,219207.969693,1524.208,1536000
219206.445502,0,48,16,219206.445502,219207.985441,1539.939,1536000
219206.445466,2,48,16,219206.445466,219208.001105,1555.639,1536000
219206.476610,2,49,17,219206.476610,219208.016550,1539.940,1536000
219206.476779,3,49,17,219206.476779,219208.032309,1555.530,1536000
219206.476690,1,49,17,219206.476690,219208.047907,1571.217,1536000
219206.476724,0,49,17,219206.476724,219208.063620,1586.897,1536000
219206.507967,3,50,18,219206.507967,219208.079426,1571.460,1536000
219206.507937,1,50,18,219206.507937,219208.095421,1587.484,1536000
219206.507983,2,50,18,219206.507983,219208.110955,1602.972,1536000
219206.508048,0,50,18,219206.508048,219208.126486,1618.438,1536000
219206.539418,3,51,19,219206.539418,219208.142200,1602.783,1536000
219206.539445,2,51,19,219206.539445,219208.157901,1618.456,1536000
219206.539460,0,51,19,219206.539460,219208.173605,1634.145,1536000
219206.539477,1,51,19,219206.539477,219208.189239,1649.762,1536000
219206.570718,2,52,20,219206.570718,219208.204581,1633.863,1536000
219206.570761,0,52,20,219206.570761,219208.220308,1649.547,1536000
219206.570779,1,52,20,219206.570779,219208.235833,1665.055,1536000
219206.570811,3,52,20,219206.570811,219208.251612,1680.801,1536000
219206.601656,3,53,21,219206.601656,219208.267526,1665.870,1536000
219206.617256,0,53,21,219206.617256,219208.283320,1666.065,1536000
219206.617231,1,53,21,219206.617231,219208.299648,1682.416,1536000
219206.617216,2,53,21,219206.617216,219208.315418,1698.202,1536000
219206.648838,1,54,22,219206.648838,219208.331288,1682.450,1536000
219206.648863,0,54,22,219206.648863,219208.346990,1698.127,1536000
219206.648894,2,54,22,219206.648894,219208.362782,1713.888,1536000
219206.648944,3,54,22,219206.648944,219208.379011,1730.067,1536000
219206.680056,0,55,23,219206.680056,219208.395126,1715.070,1536000
219206.680109,3,55,23,219206.680109,219208.410790,1730.681,1536000
219206.680085,2,55,23,219206.680085,219208.426612,1746.527,1536000
219206.680120,1,55,23,219206.680120,219208.442284,1762.164,1536000
219206.710842,2,56,24,219206.710842,219208.458002,1747.160,1536000
219206.710889,3,56,24,219206.710889,219208.473918,1763.029,1536000
219206.710934,1,56,24,219206.710934,219208.490089,1779.155,1536000
219206.710968,0,56,24,219206.710968,219208.506134,1795.166,1536000
219206.741597,3,57,25,219206.741597,219208.521890,1780.293,1536000
219206.741625,0,57,25,219206.741625,219208.537678,1796.053,1536000
219206.741536,2,57,25,219206.741536,219208.553730,1812.194,1536000
219206.741541,1,57,25,219206.741541,219208.569269,1827.728,1536000
219206.772467,2,58,26,219206.772467,219208.585234,1812.768,1536000
219206.772528,0,58,26,219206.772528,219208.601106,1828.578,1536000
219206.772489,1,58,26,219206.772489,219208.617168,1844.678,1536000
219206.772496,3,58,26,219206.772496,219208.634022,1861.526,1536000
219206.803473,3,59,27,219206.803473,219208.649841,1846.368,1536000
219206.803536,2,59,27,219206.803536,219208.665252,1861.717,1536000
219206.803519,1,59,27,219206.803519,219208.680982,1877.463,1536000
219206.804034,0,59,27,219206.804034,219208.696830,1892.796,1536000
219206.834408,3,60,28,219206.834408,219208.712452,1878.044,1536000
219206.849517,1,60,28,219206.849517,219208.728458,1878.941,1536000
219206.849556,2,60,28,219206.849556,219208.744131,1894.575,1536000
219206.849567,0,60,28,219206.849567,219208.759672,1910.106,1536000
219206.881191,0,61,29,219206.881191,219208.775552,1894.361,1536000
219206.881256,1,61,29,219206.881256,219208.791406,1910.151,1536000
219206.881315,2,61,29,219206.881315,219208.807396,1926.081,1536000
219206.881316,3,61,29,219206.881316,219208.823221,1941.905,1536000
219206.912986,2,62,30,219206.912986,219208.839149,1926.164,1536000
219206.913030,3,62,30,219206.913030,219208.855218,1942.188,1536000
219206.912979,0,62,30,219206.912979,219208.870967,1957.988,1536000
219206.913018,1,62,30,219206.913018,219208.887507,1974.489,1536000
219206.945177,0,63,31,219206.945177,219208.903369,1958.192,1536000
219206.945320,3,63,31,219206.945320,219208.919077,1973.757,1536000
219206.945857,2,63,31,219206.945857,219208.934596,1988.739,1536000
219206.945960,1,63,31,219206.945960,219208.950381,2004.421,1536000
219206.976817,3,64,0,219206.976817,219208.966559,1989.742,1536000
219206.976867,1,64,0,219206.976867,219208.982234,2005.367,1536000
219206.977034,2,64,0,219206.977034,219208.997993,2020.959,1536000
219207.008716,0,65,0,219207.008716,219209.013760,2005.044,1536000
219207.008844,3,65,1,219207.008844,219209.029851,2021.007,1536000
219207.040809,1,66,1,219207.040809,219209.045662,2004.853,1536000
219207.040875,0,66,1,219207.040875,219209.062224,2021.349,1536000
219207.072496,2,67,1,219207.072496,219209.078030,2005.534,1536000
219207.103652,3,68,2,219207.103652,219209.094048,1990.396,1536000
219207.103705,2,68,2,219207.103705,219209.109675,2005.970,1536000
219207.103752,1,68,2,219207.103752,219209.125510,2021.758,1536000
219207.150729,0,69,2,219207.150729,219209.141199,1990.469,1536000
219207.151309,3,69,3,219207.151309,219209.156640,2005.331,1536000
219207.182270,2,70,3,219207.182270,219209.172392,1990.122,1536000
219207.182320,0,70,3,219207.182320,219209.188529,2006.209,1536000
219207.182413,1,70,3,219207.182413,219209.204256,2021.843,1536000
219207.213605,2,71,4,219207.213605,219209.219972,2006.368,1536000
219207.213726,3,71,4,219207.213726,219209.235801,2022.075,1536000
219207.244868,0,72,4,219207.244868,219209.251522,2006.654,1536000
219207.244961,1,72,4,219207.244961,219209.267115,2022.154,1536000
219207.276645,1,73,5,219207.276645,219209.283081,2006.436,1536000
219207.276694,3,73,5,219207.276694,219209.298728,2022.034,1536000
219207.307689,0,74,5,219207.307689,219209.314312,2006.623,1536000
219207.308162,2,74,5,219207.308162,219209.330080,2021.919,1536000
219207.338780,2,75,6,219207.338780,219209.345544,2006.764,1536000
219207.338896,0,75,6,219207.338896,219209.361041,2022.145,1536000
219207.370852,1,76,6,219207.370852,219209.376549,2005.697,1536000
219207.370945,3,76,6,219207.370945,219209.393084,2022.139,1536000
219207.402013,2,77,7,219207.402013,219209.408692,2006.679,1536000
219207.402112,0,77,7,219207.402112,219209.424441,2022.329,1536000
219207.448818,1,78,7,219207.448818,219209.440155,1991.338,1536000
219207.448775,3,78,7,219207.448775,219209.455837,2007.062,1536000
219207.448897,2,78,8,219207.448897,219209.471473,2022.576,1536000
219207.479455,1,79,8,219207.479455,219209.487161,2007.706,1536000
219207.480134,0,79,8,219207.480134,219209.502948,2022.814,1536000
219207.511439,3,80,8,219207.511439,219209.519244,2007.805,1536000
219207.511619,0,80,9,219207.511619,219209.534847,2023.228,1536000
219207.542466,1,81,9,219207.542466,219209.550678,2008.211,1536000
219207.543533,3,81,9,219207.543533,219209.566267,2022.734,1536000
219207.573252,2,82,9,219207.573252,219209.582166,2008.914,1536000
219207.574757,1,82,10,219207.574757,219209.597954,2023.196,1536000
219207.604288,3,83,10,219207.604288,219209.614034,2009.746,1536000
219207.606388,0,83,10,219207.606388,219209.629823,2023.435,1536000
219207.636427,2,84,10,219207.636427,219209.645757,2009.329,1536000
219207.637977,3,84,11,219207.637977,219209.661468,2023.491,1536000
219207.683561,0,85,11,219207.683561,219209.677163,1993.601,1536000
219207.683610,2,85,11,219207.683610,219209.692964,2009.354,1536000
219207.684635,1,85,11,219207.684635,219209.708681,2024.046,1536000
219207.715989,1,86,12,219207.715989,219209.724440,2008.451,1536000
219207.716102,2,86,12,219207.716102,219209.740180,2024.078,1536000
219207.747355,0,87,12,219207.747355,219209.755952,2008.597,1536000
219207.747562,3,87,12,219207.747562,219209.771365,2023.803,1536000
219207.778669,0,88,13,219207.778669,219209.787462,2008.793,1536000
219207.779258,3,88,13,219207.779258,219209.803329,2024.070,1536000
219207.811141,1,89,13,219207.811141,219209.819400,2008.259,1536000
219207.810934,2,89,13,219207.810934,219209.835143,2024.209,1536000
219207.842530,0,90,14,219207.842530,219209.850796,2008.265,1536000
219207.842651,2,90,14,219207.842651,219209.866502,2023.851,1536000
219207.874153,1,91,14,219207.874153,219209.882276,2008.123,1536000
219207.875407,3,91,14,219207.875407,219209.898427,2023.020,1536000
219207.905030,2,92,15,219207.905030,219209.914055,2009.025,1536000
219207.906509,1,92,15,219207.906509,219209.929764,2023.256,1536000
219207.936560,0,93,15,219207.936560,219209.945409,2008.849,1536000
219207.938154,3,93,15,219207.938154,219209.961600,2023.446,1536000
219207.969766,3,94,16,219207.969766,219209.977765,2007.999,1536000
219207.969878,1,94,16,219207.969878,219209.993523,2023.645,1536000
219208.013618,2,95,16,219208.013618,219210.009527,1995.910,1536000
219208.013596,0,95,16,219208.013596,219210.025669,2012.073,1536000
219208.045384,3,96,17,219208.045384,219210.041185,1995.801,1536000
219208.045432,2,96,17,219208.045432,219210.057048,2011.616,1536000
219208.048155,1,96,17,219208.048155,219210.072692,2024.537,1536000
219208.077013,0,97,17,219208.077013,219210.088675,2011.663,1536000
219208.079625,3,97,18,219208.079625,219210.104590,2024.965,1536000
219208.109042,1,98,18,219208.109042,219210.120233,2011.191,1536000
219208.111124,2,98,18,219208.111124,219210.136063,2024.939,1536000
219208.140850,0,99,18,219208.140850,219210.151731,2010.880,1536000
219208.142427,3,99,19,219208.142427,219210.167577,2025.150,1536000
219208.171715,2,100,19,219208.171715,219210.183557,2011.841,1536000
219208.173819,0,100,19,219208.173819,219210.199665,2025.846,1536000
219208.203616,1,101,19,219208.203616,219210.215558,2011.942,1536000
219208.204774,2,101,20,219208.204774,219210.231570,2026.797,1536000
219208.235512,0,102,20,219208.235512,219210.247143,2011.631,1536000
219208.236029,1,102,20,219208.236029,219210.262841,2026.812,1536000
219208.283456,3,103,20,219208.283456,219210.278409,1994.952,1536000
219208.283645,0,103,21,219208.283645,219210.294423,2010.778,1536000
219208.315490,1,104,21,219208.315490,219210.310229,1994.739,1536000
219208.315533,3,104,21,219208.315533,219210.325903,2010.370,1536000
219208.315611,2,104,21,219208.315611,219210.341272,2025.661,1536000
219208.347056,1,105,22,219208.347056,219210.356782,2009.725,1536000
219208.347182,0,105,22,219208.347182,219210.372301,2025.119,1536000
219208.379096,2,106,22,219208.379096,219210.387840,2008.744,1536000
219208.379291,3,106,22,219208.379291,219210.403812,2024.521,1536000
219208.410870,0,107,23,219208.410870,219210.419611,2008.741,1536000
219208.410966,3,107,23,219208.410966,219210.435581,2024.615,1536000
219208.442384,2,108,23,219208.442384,219210.451284,2008.901,1536000
219208.442938,1,108,23,219208.442938,219210.466708,2023.769,1536000
219208.473901,2,109,24,219208.473901,219210.482311,2008.410,1536000
219208.474260,3,109,24,219208.474260,219210.497821,2023.561,1536000
219208.506282,1,110,24,219208.506282,219210.513513,2007.231,1536000
219208.506425,0,110,24,219208.506425,219210.529113,2022.688,1536000
219208.537840,3,111,25,219208.537840,219210.544725,2006.886,1536000
219208.538307,0,111,25,219208.538307,219210.560250,2021.943,1536000
219208.569350,2,112,25,219208.569350,219210.576021,2006.671,1536000
219208.569468,1,112,25,219208.569468,219210.591554,2022.086,1536000
219208.617326,2,113,26,219208.617326,219210.607121,1989.795,1536000
219208.617310,0,113,26,219208.617310,219210.622662,2005.352,1536000
219208.617594,1,113,26,219208.617594,219210.638418,2020.824,1536000
219208.648440,3,114,26,219208.648440,219210.653938,2005.498,1536000
219208.680043,3,115,27,219208.680043,219210.669458,1989.415,1536000
219208.680079,2,115,27,219208.680079,219210.684987,2004.909,1536000
219208.681219,1,115,27,219208.681219,219210.700759,2019.540,1536000
219208.711645,0,116,27,219208.711645,219210.716366,2004.721,1536000
219208.712798,3,116,28,219208.712798,219210.731915,2019.117,1536000
219208.743238,1,117,28,219208.743238,219210.747460,2004.222,1536000
219208.744380,2,117,28,219208.744380,219210.763491,2019.110,1536000
219208.775643,0,118,28,219208.775643,219210.779133,2003.490,1536000
219208.807512,0,119,29,219208.807512,219210.794667,1987.155,1536000
219208.807556,1,119,29,219208.807556,219210.810283,2002.727,1536000
219208.807681,2,119,29,219208.807681,219210.825815,2018.134,1536000
219208.839256,3,120,29,219208.839256,219210.841548,2002.292,1536000
219208.839421,2,120,30,219208.839421,219210.857093,2017.672,1536000
219208.871098,3,121,30,219208.871098,219210.872643,2001.545,1536000
219208.872069,0,121,30,219208.872069,219210.888247,2016.178,1536000
219208.903440,1,122,30,219208.903440,219210.904303,2000.862,1536000
219208.903582,0,122,31,219208.903582,219210.919824,2016.243,1536000
219208.950518,2,123,31,219208.950518,219210.935522,1985.004,1536000
219208.950500,3,123,31,219208.950500,219210.951049,2000.548,1536000
219208.982299,3,124,0,219208.982299,219210.966658,1984.359,1536000
219208.982312,1,124,31,219208.982312,219210.982178,1999.866,1536000
219209.013973,2,125,0,219209.013973,219210.997692,1983.719,1536000
219209.014050,0,125,0,219209.014050,219211.013207,1999.157,1536000
219209.016829,1,125,0,219209.016829,219211.028729,2011.899,1536000
219209.045803,3,126,1,219209.045803,219211.044301,1998.498,1536000
219209.046041,1,126,1,219209.046041,219211.059814,2013.772,1536000
219209.078093,0,127,1,219209.078093,219211.075402,1997.309,1536000
219209.078215,2,127,1,219209.078215,219211.090918,2012.703,1536000
219209.109756,3,128,2,219209.109756,219211.106648,1996.892,1536000
219209.109834,2,128,2,219209.109834,219211.122205,2012.371,1536000
219209.141291,1,129,2,219209.141291,219211.137857,1996.566,1536000
219209.141365,0,129,2,219209.141365,219211.153283,2011.918,1536000
219209.172507,3,130,3,219209.172507,219211.168837,1996.330,1536000
219209.172729,2,130,3,219209.172729,219211.184375,2011.645,1536000
219209.203822,0,131,3,219209.203822,219211.200215,1996.393,1536000
219209.204432,1,131,3,219209.204432,219211.215974,2011.542,1536000
219209.235980,2,132,4,219209.235980,219211.231504,1995.524,1536000
219209.236061,3,132,4,219209.236061,219211.247070,2011.009,1536000
219209.283168,1,133,4,219209.283168,219211.262652,1979.484,1536000
219209.283149,0,133,4,219209.283149,219211.278297,1995.148,1536000
219209.314401,1,134,5,219209.314401,219211.293906,1979.505,1536000
219209.314406,3,134,5,219209.314406,219211.309330,1994.924,1536000
219209.314528,0,134,5,219209.314528,219211.325417,2010.889,1536000
219209.345578,2,135,5,219209.345578,219211.340949,1995.370,1536000
219209.376626,2,136,6,219209.376626,219211.356461,1979.834,1536000
219209.376643,0,136,6,219209.376643,219211.372057,1995.414,1536000
219209.376736,1,136,6,219209.376736,219211.387669,2010.933,1536000
219209.408792,3,137,6,219209.408792,219211.403294,1994.503,1536000
219209.408904,2,137,7,219209.408904,219211.419794,2010.890,1536000
219209.440242,0,138,7,219209.440242,219211.436088,1995.846,1536000
219209.440335,1,138,7,219209.440335,219211.451561,2011.225,1536000
219209.471575,3,139,7,219209.471575,219211.467111,1995.537,1536000
219209.471631,2,139,8,219209.471631,219211.482640,2011.009,1536000
219209.503072,1,140,8,219209.503072,219211.498703,1995.632,1536000
219209.503261,0,140,8,219209.503261,219211.514745,2011.484,1536000
219209.535030,0,141,9,219209.535030,219211.530791,1995.761,1536000
219209.550746,3,141,8,219209.550746,219211.546554,1995.808,1536000
219209.550876,1,141,9,219209.550876,219211.562151,2011.275,1536000
219209.582278,3,142,9,219209.582278,219211.577635,1995.357,1536000
219209.582358,2,142,9,219209.582358,219211.593209,2010.851,1536000
219209.613672,1,143,10,219209.613672,219211.608720,1995.049,1536000
219209.614271,3,143,10,219209.614271,219211.624371,2010.101,1536000
219209.645824,0,144,10,219209.645824,219211.640090,1994.267,1536000
219209.645952,2,144,10,219209.645952,219211.655850,2009.897,1536000
219209.677229,3,145,11,219209.677229,219211.671337,1994.108,1536000
219209.677329,0,145,11,219209.677329,219211.687055,2009.726,1536000
219209.708717,2,146,11,219209.708717,219211.702554,1993.837,1536000
219209.708911,1,146,11,219209.708911,219211.718211,2009.299,1536000
219209.740256,1,147,12,219209.740256,219211.733770,1993.513,1536000
219209.740362,2,147,12,219209.740362,219211.750104,2009.743,1536000
219209.771418,0,148,12,219209.771418,219211.766380,1994.962,1536000
219209.771536,3,148,12,219209.771536,219211.781950,2010.414,1536000
219209.802916,0,149,13,219209.802916,219211.797736,1994.820,1536000
219209.803547,3,149,13,219209.803547,219211.813286,2009.740,1536000
219209.850907,2,150,13,219209.850907,219211.828805,1977.898,1536000
219209.850869,1,150,13,219209.850869,219211.844336,1993.468,1536000
219209.850972,0,150,14,219209.850972,219211.860096,2009.124,1536000
219209.882325,2,151,14,219209.882325,219211.875671,1993.345,1536000
219209.882428,1,151,14,219209.882428,219211.891253,2008.825,1536000
219209.914133,3,152,14,219209.914133,219211.906765,1992.632,1536000
219209.914180,2,152,15,219209.914180,219211.922900,2008.719,1536000
219209.945519,1,153,15,219209.945519,219211.938510,1992.991,1536000
219209.945680,0,153,15,219209.945680,219211.953983,2008.303,1536000
219209.977868,3,154,15,219209.977868,219211.969957,1992.089,1536000
219210.009667,1,155,16,219210.009667,219211.986345,1976.679,1536000
219210.009673,3,155,16,219210.009673,219212.001976,1992.303,1536000
219210.009795,2,155,16,219210.009795,219212.017552,2007.758,1536000
219210.041273,0,156,16,219210.041273,219212.033268,1991.995,1536000
219210.041341,3,156,17,219210.041341,219212.048943,2007.602,1536000
219210.072775,2,157,17,219210.072775,219212.064621,1991.845,1536000
219210.072919,1,157,17,219210.072919,219212.080236,2007.317,1536000
219210.104672,0,158,17,219210.104672,219212.096041,1991.369,1536000
219210.104813,3,158,18,219210.104813,219212.111732,2006.919,1536000
219210.136231,1,159,18,219210.136231,219212.127390,1991.158,1536000
219210.136316,2,159,18,219210.136316,219212.143137,2006.821,1536000
219210.183646,3,160,19,219210.183646,219212.158858,1975.212,1536000
219210.183664,0,160,18,219210.183664,219212.174517,1990.853,1536000
219210.183873,2,160,19,219210.183873,219212.190152,2006.279,1536000
219210.214717,0,161,19,219210.214717,219212.206181,1991.463,1536000
219210.215774,1,161,19,219210.215774,219212.221653,2005.879,1536000
219210.246230,2,162,20,219210.246230,219212.237546,1991.316,1536000
219210.247362,0,162,20,219210.247362,219212.253163,2005.801,1536000
219210.277048,1,163,20,219210.277048,219212.269181,1992.133,1536000
219210.278632,3,163,20,219210.278632,219212.284704,2006.072,1536000
219210.308360,0,164,21,219210.308360,219212.300566,1992.206,1536000
219210.310416,1,164,21,219210.310416,219212.316101,2005.685,1536000
219210.339744,3,165,21,219210.339744,219212.331994,1992.249,1536000
219210.341424,2,165,21,219210.341424,219212.347460,2006.036,1536000
219210.370885,1,166,22,219210.370885,219212.363045,1992.159,1536000
219210.372465,0,166,22,219210.372465,219212.378477,2006.012,1536000
219210.416228,3,167,22,219210.416228,219212.394231,1978.003,1536000
219210.416269,2,167,22,219210.416269,219212.409781,1993.512,1536000
219210.419809,0,167,23,219210.419809,219212.426037,2006.229,1536000
219210.447426,3,168,23,219210.447426,219212.441922,1994.496,1536000
219210.451461,2,168,23,219210.451461,219212.457645,2006.184,1536000
219210.479901,1,169,23,219210.479901,219212.473421,1993.520,1536000
219210.482498,2,169,24,219210.482498,219212.488997,2006.499,1536000
219210.511095,3,170,24,219210.511095,219212.504587,1993.492,1536000
219210.513725,1,170,24,219210.513725,219212.520214,2006.489,1536000
219210.542348,0,171,24,219210.542348,219212.536191,1993.843,1536000
219210.544878,3,171,25,219210.544878,219212.551958,2007.080,1536000
219210.573108,0,172,25,219210.573108,219212.567726,1994.618,1536000
219210.576187,2,172,25,219210.576187,219212.583356,2007.169,1536000
219210.604211,1,173,25,219210.604211,219212.598986,1994.775,1536000
219210.607318,2,173,26,219210.607318,219212.614462,2007.143,1536000
219210.636033,0,174,26,219210.636033,219212.630462,1994.429,1536000
219210.638606,1,174,26,219210.638606,219212.646199,2007.594,1536000
219210.682603,3,175,26,219210.682603,219212.661823,1979.220,1536000
219210.685160,2,175,27,219210.685160,219212.677620,1992.460,1536000
219210.714458,3,176,27,219210.714458,219212.693338,1978.880,1536000
219210.714493,1,176,27,219210.714493,219212.709130,1994.637,1536000
219210.716524,0,176,27,219210.716524,219212.724638,2008.114,1536000
219210.746155,3,177,28,219210.746155,219212.740207,1994.052,1536000
219210.747719,1,177,28,219210.747719,219212.755800,2008.081,1536000
219210.776745,2,178,28,219210.776745,219212.771704,1994.960,1536000
219210.779323,0,178,28,219210.779323,219212.787445,2008.122,1536000
219210.808451,0,179,29,219210.808451,219212.803496,1995.045,1536000
219210.810488,1,179,29,219210.810488,219212.819309,2008.821,1536000
219210.839235,2,180,29,219210.839235,219212.835432,1996.198,1536000
219210.841759,3,180,29,219210.841759,219212.851155,2009.397,1536000
219210.870734,2,181,30,219210.870734,219212.866770,1996.037,1536000
219210.872816,3,181,30,219210.872816,219212.882516,2009.700,1536000
219210.916908,0,182,30,219210.916908,219212.898183,1981.275,1536000
219210.916956,1,182,30,219210.916956,219212.913805,1996.849,1536000
219210.948697,0,183,31,219210.948697,219212.930126,1981.429,1536000
219210.948727,2,183,31,219210.948727,219212.945737,1997.010,1536000
219210.951258,3,183,31,219210.951258,219212.961412,2010.154,1536000
219210.980805,3,184,0,219210.980805,219212.977088,1996.283,1536000
219210.982357,1,184,31,219210.982357,219212.992858,2010.500,1536000
219211.011789,2,185,0,219211.011789,219213.008528,1996.739,1536000
219211.013361,0,185,0,219211.013361,219213.024112,2010.750,1536000
219211.042929,1,186,0,219211.042929,219213.039834,1996.905,1536000
219211.044456,3,186,1,219211.044456,219213.055476,2011.019,1536000
219211.074043,1,187,1,219211.074043,219213.071193,1997.150,1536000
219211.075623,0,187,1,219211.075623,219213.086757,2011.134,1536000
219211.106196,2,188,1,219211.106196,219213.102914,1996.718,1536000
219211.106799,3,188,2,219211.106799,219213.118392,2011.593,1536000
219211.137539,2,189,2,219211.137539,219213.134210,1996.672,1536000
219211.138032,1,189,2,219211.138032,219213.149842,2011.810,1536000
219211.183527,3,190,3,219211.183527,219213.165516,1981.988,1536000
219211.183501,0,190,2,219211.183501,219213.181110,1997.609,1536000
219211.184617,2,190,3,219211.184617,219213.197149,2012.532,1536000
219211.214732,0,191,3,219211.214732,219213.212809,1998.077,1536000
219211.216194,1,191,3,219211.216194,219213.228557,2012.363,1536000
219211.247142,2,192,4,219211.247142,219213.244224,1997.082,1536000
219211.247260,3,192,4,219211.247260,219213.259796,2012.536,1536000
219211.277884,1,193,4,219211.277884,219213.275248,1997.365,1536000
219211.278520,0,193,4,219211.278520,219213.290877,2012.357,1536000
219211.309435,1,194,5,219211.309435,219213.306626,1997.191,1536000
219211.309526,3,194,5,219211.309526,219213.322259,2012.733,1536000
219211.341046,0,195,5,219211.341046,219213.337973,1996.926,1536000
219211.341142,2,195,5,219211.341142,219213.353648,2012.506,1536000
219211.372161,2,196,6,219211.372161,219213.369434,1997.273,1536000
219211.372230,0,196,6,219211.372230,219213.385061,2012.831,1536000
219211.403377,1,197,6,219211.403377,219213.400910,1997.533,1536000
219211.403937,3,197,6,219211.403937,219213.416724,2012.786,1536000
219211.436205,2,198,7,219211.436205,219213.433148,1996.943,1536000
219211.436270,0,198,7,219211.436270,219213.448767,2012.498,1536000
219211.482711,3,199,7,219211.482711,219213.464576,1981.865,1536000
219211.482711,1,199,7,219211.482711,219213.480384,1997.674,1536000
219211.482797,2,199,8,219211.482797,219213.496232,2013.436,1536000
219211.514882,1,200,8,219211.514882,219213.511582,1996.700,1536000
219211.515039,0,200,8,219211.515039,219213.527310,2012.271,1536000
219211.546660,0,201,9,219211.546660,219213.543080,1996.421,1536000
219211.546765,3,201,8,219211.546765,219213.558659,2011.894,1536000
219211.577688,1,202,9,219211.577688,219213.574576,1996.888,1536000
219211.577805,3,202,9,219211.577805,219213.590393,2012.588,1536000
219211.608772,2,203,9,219211.608772,219213.605985,1997.213,1536000
219211.608910,1,203,10,219211.608910,219213.621438,2012.528,1536000
219211.640197,3,204,10,219211.640197,219213.637135,1996.938,1536000
219211.640274,0,204,10,219211.640274,219213.652822,2012.548,1536000
219211.671374,2,205,10,219211.671374,219213.668299,1996.924,1536000
219211.671517,3,205,11,219211.671517,219213.683907,2012.390,1536000
219211.702668,0,206,11,219211.702668,219213.699415,1996.747,1536000
219211.702697,2,206,11,219211.702697,219213.715003,2012.306,1536000
219211.750262,1,207,11,219211.750262,219213.730719,1980.456,1536000
219211.750318,2,207,12,219211.750318,219213.746433,1996.116,1536000
219211.780538,0,208,12,219211.780538,219213.761957,1981.419,1536000
219211.780583,1,208,12,219211.780583,219213.777538,1996.955,1536000
219211.782148,3,208,12,219211.782148,219213.793138,2010.990,1536000
219211.811948,0,209,13,219211.811948,219213.808961,1997.013,1536000
219211.813495,3,209,13,219211.813495,219213.824561,2011.066,1536000
219211.842439,2,210,13,219211.842439,219213.840363,1997.924,1536000
219211.844501,1,210,13,219211.844501,219213.855951,2011.450,1536000
219211.874316,0,211,14,219211.874316,219213.872000,1997.684,1536000
219211.875868,2,211,14,219211.875868,219213.887617,2011.749,1536000
219211.905383,1,212,14,219211.905383,219213.903119,1997.736,1536000
219211.906913,3,212,14,219211.906913,219213.919218,2012.306,1536000
219211.936652,2,213,15,219211.936652,219213.935690,1999.038,1536000
219211.938663,1,213,15,219211.938663,219213.951156,2012.494,1536000
219211.970057,0,214,15,219211.970057,219213.966994,1996.936,1536000
219211.970199,3,214,15,219211.970199,219213.982654,2012.455,1536000
219212.014265,3,215,16,219212.014265,219213.998239,1983.974,1536000
219212.014209,1,215,16,219212.014209,219214.013834,1999.625,1536000
219212.017760,2,215,16,219212.017760,219214.029414,2011.654,1536000
219212.045651,0,216,16,219212.045651,219214.045407,1999.756,1536000
219212.049192,3,216,17,219212.049192,219214.060905,2011.712,1536000
219212.077040,2,217,17,219212.077040,219214.076714,1999.675,1536000
219212.080446,1,217,17,219212.080446,219214.092150,2011.705,1536000
219212.108455,0,218,17,219212.108455,219214.107704,1999.249,1536000
219212.111926,3,218,18,219212.111926,219214.123364,2011.437,1536000
219212.140052,1,219,18,219212.140052,219214.139499,1999.447,1536000
219212.143307,2,219,18,219212.143307,219214.155291,2011.984,1536000
219212.183558,0,220,18,219212.183558,219214.171456,1987.898,1536000
219212.183619,3,220,19,219212.183619,219214.187546,2003.926,1536000
219212.190384,2,220,19,219212.190384,219214.203264,2012.880,1536000
219212.215056,0,221,19,219212.215056,219214.219133,2004.077,1536000
219212.221958,1,221,19,219212.221958,219214.234945,2012.987,1536000
219212.247041,2,222,20,219212.247041,219214.250516,2003.475,1536000
219212.253431,0,222,20,219212.253431,219214.266517,2013.086,1536000
219212.278516,1,223,20,219212.278516,219214.282033,2003.517,1536000
219212.284987,3,223,20,219212.284987,219214.297722,2012.735,1536000
219212.310653,0,224,21,219212.310653,219214.313229,2002.576,1536000
219212.316346,1,224,21,219212.316346,219214.329089,2012.743,1536000
219212.342401,3,225,21,219212.342401,219214.344609,2002.208,1536000
219212.347653,2,225,21,219212.347653,219214.360245,2012.593,1536000
219212.373733,1,226,22,219212.373733,219214.375757,2002.024,1536000
219212.378633,0,226,22,219212.378633,219214.391217,2012.585,1536000
219212.405102,3,227,22,219212.405102,219214.406725,2001.623,1536000
219212.409929,2,227,22,219212.409929,219214.422570,2012.640,1536000
219212.436232,0,228,23,219212.436232,219214.438578,2002.346,1536000
219212.442123,3,228,23,219212.442123,219214.454120,2011.997,1536000
219212.483480,2,229,23,219212.483480,219214.469725,1986.245,1536000
219212.483513,1,229,23,219212.483513,219214.485325,2001.812,1536000
219212.515023,2,230,24,219212.515023,219214.500798,1985.775,1536000
219212.514985,3,230,24,219212.514985,219214.516324,2001.338,1536000
219212.520464,1,230,24,219212.520464,219214.531843,2011.379,1536000
219212.546314,0,231,24,219212.546314,219214.547424,2001.110,1536000
219212.552124,3,231,25,219212.552124,219214.562991,2010.867,1536000
219212.577495,0,232,25,219212.577495,219214.579001,2001.506,1536000
219212.583525,2,232,25,219212.583525,219214.594629,2011.103,1536000
219212.608932,1,233,25,219212.608932,219214.610148,2001.216,1536000
219212.614697,2,233,26,219212.614697,219214.625717,2011.020,1536000
219212.640293,0,234,26,219212.640293,219214.641234,2000.941,1536000
219212.646398,1,234,26,219212.646398,219214.656762,2010.364,1536000
219212.671645,3,235,26,219212.671645,219214.672275,2000.630,1536000
219212.677790,2,235,27,219212.677790,219214.687785,2009.996,1536000
219212.702941,3,236,27,219212.702941,219214.703297,2000.356,1536000
219212.709274,1,236,27,219212.709274,219214.718863,2009.589,1536000
219212.750273,0,237,27,219212.750273,219214.734381,1984.109,1536000
219212.750286,3,237,28,219212.750286,219214.749968,1999.681,1536000
219212.756001,1,237,28,219212.756001,219214.765440,2009.439,1536000
219212.781824,2,238,28,219212.781824,219214.781243,1999.419,1536000
219212.787757,0,238,28,219212.787757,219214.796829,2009.072,1536000
219212.813131,0,239,29,219212.813131,219214.812514,1999.382,1536000
219212.819596,1,239,29,219212.819596,219214.828384,2008.788,1536000
219212.844881,2,240,29,219212.844881,219214.844161,1999.280,1536000
219212.851369,3,240,29,219212.851369,,,1536000
219212.876562,2,241,30,219212.876562,,,1536000
219212.882715,3,241,30,219212.882715,,,1536000
219212.907494,0,242,30,219212.907494,,,1536000
219212.913951,1,242,30,219212.913951,,,1536000
219212.939108,0,243,31,219212.939108,,,1536000
219212.945909,2,243,31,219212.945909,,,1536000
219212.970541,3,244,31,219212.970541,,,1536000
219213.002012,3,245,0,219213.002012,,,1536000
219213.008719,2,245,0,219213.008719,,,1536000
219213.017696,1,245,31,219213.017696,,,1536000
219213.024306,0,245,0,219213.024306,,,1536000
219213.049001,1,246,0,219213.049001,,,1536000
219213.055634,3,246,1,219213.055634,,,1536000
219213.080504,1,247,1,219213.080504,,,1536000
219213.087042,0,247,1,219213.087042,,,1536000
219213.112086,2,248,1,219213.112086,,,1536000
219213.118611,3,248,2,219213.118611,,,1536000
219213.143442,2,249,2,219213.143442,,,1536000
219213.150008,1,249,2,219213.150008,,,1536000
219213.174868,3,250,3,219213.174868,,,1536000
219213.181363,0,250,2,219213.181363,,,1536000
219213.206190,2,251,3,219213.206190,,,1536000
219213.213016,0,251,3,219213.213016,,,1536000
219213.237668,1,252,3,219213.237668,,,1536000
219213.244455,2,252,4,219213.244455,,,1536000
219213.269295,3,253,4,219213.269295,,,1536000
219213.275447,1,253,4,219213.275447,,,1536000
219213.316546,0,254,4,219213.316546,,,1536000
219213.316590,1,254,5,219213.316590,,,1536000
219213.322501,3,254,5,219213.322501,,,1536000
219213.348320,0,255,5,219213.348320,,,1536000
219213.353824,2,255,5,219213.353824,,,1536000
219213.379873,2,256,6,219213.379873,,,1536000
219213.385240,0,256,6,219213.385240,,,1536000
219213.411238,1,257,6,219213.411238,,,1536000
219213.417624,3,257,6,219213.417624,,,1536000
219213.442508,2,258,7,219213.442508,,,1536000
219213.448931,0,258,7,219213.448931,,,1536000
219213.474343,3,259,7,219213.474343,,,1536000
219213.480562,1,259,7,219213.480562,,,1536000
219213.506406,2,260,8,219213.506406,,,1536000
219213.511742,1,260,8,219213.511742,,,1536000
219213.537853,0,261,8,219213.537853,,,1536000
219213.569624,3,262,8,219213.569624,,,1536000
219213.569726,0,262,9,219213.569726,,,1536000
219213.574794,1,262,9,219213.574794,,,1536000
219213.617198,3,263,9,219213.617198,,,1536000
219213.617280,2,263,9,219213.617280,,,1536000
219213.621624,1,263,10,219213.621624,,,1536000
219213.648692,3,264,10,219213.648692,,,1536000
219213.653010,0,264,10,219213.653010,,,1536000
219213.674546,2,265,10,219213.674546,,,1536000
219213.701944,3,266,11,219213.701944,,,1536000
219213.702002,0,266,11,219213.702002,,,1536000
219213.736275,2,267,11,219213.736275,,,1536000
219213.736297,1,267,11,219213.736297,,,1536000
219213.772856,0,268,12,219213.772856,,,1536000
219213.772889,2,268,12,219213.772889,,,1536000
219213.777813,1,268,12,219213.777813,,,1536000
219213.802921,3,269,12,219213.802921,,,1536000
219213.851365,0,270,13,219213.851365,,,1536000
219213.851386,2,270,13,219213.851386,,,1536000
219213.851409,3,270,13,219213.851409,,,1536000
219213.856227,1,270,13,219213.856227,,,1536000
219213.872216,0,271,14,219213.872216,,,1536000
219213.904394,2,272,14,219213.904394,,,1536000
219213.904439,1,272,14,219213.904439,,,1536000
219213.935055,3,273,14,219213.935055,,,1536000
219213.935872,2,273,15,219213.935872,,,1536000
219213.968171,0,274,15,219213.968171,,,1536000
219213.968263,1,274,15,219213.968263,,,1536000
219213.982914,3,274,15,219213.982914,,,1536000
219214.014515,3,275,16,219214.014515,,,1536000
219214.014532,1,275,16,219214.014532,,,1536000
219214.029671,2,275,16,219214.029671,,,1536000
219214.046540,0,276,16,219214.046540,,,1536000
219214.061129,3,276,17,219214.061129,,,1536000
219214.077966,2,277,17,219214.077966,,,1536000
219214.092383,1,277,17,219214.092383,,,1536000
219214.109434,0,278,17,219214.109434,,,1536000
219214.123642,3,278,18,219214.123642,,,1536000
219214.139788,1,279,18,219214.139788,,,1536000
219214.171529,2,280,18,219214.171529,,,1536000
219214.171681,0,280,18,219214.171681,,,1536000
219214.201948,3,281,19,219214.201948,,,1536000
219214.203471,2,281,19,219214.203471,,,1536000
219214.248718,1,282,19,219214.248718,,,1536000
219214.248773,0,282,19,219214.248773,,,1536000
219214.250750,2,282,20,219214.250750,,,1536000
219214.279644,0,283,20,219214.279644,,,1536000
219214.282204,1,283,20,219214.282204,,,1536000
219214.310320,3,284,20,219214.310320,,,1536000
219214.313388,0,284,21,219214.313388,,,1536000
219214.341703,1,285,21,219214.341703,,,1536000
219214.344823,3,285,21,219214.344823,,,1536000
219214.372418,2,286,21,219214.372418,,,1536000
219214.375927,1,286,22,219214.375927,,,1536000
219214.403844,0,287,22,219214.403844,,,1536000
219214.406900,3,287,22,219214.406900,,,1536000
219214.449729,0,288,23,219214.449729,,,1536000
219214.449762,2,288,22,219214.449762,,,1536000
219214.454299,3,288,23,219214.454299,,,1536000
219214.480897,2,289,23,219214.480897,,,1536000
219214.485508,1,289,23,219214.485508,,,1536000
219214.512398,2,290,24,219214.512398,,,1536000
219214.516481,3,290,24,219214.516481,,,1536000
219214.543535,1,291,24,219214.543535,,,1536000
219214.547627,0,291,24,219214.547627,,,1536000
219214.575145,3,292,25,219214.575145,,,1536000
219214.579226,0,292,25,219214.579226,,,1536000
219214.605801,2,293,25,219214.605801,,,1536000
219214.610361,1,293,25,219214.610361,,,1536000
219214.636845,2,294,26,219214.636845,,,1536000
219214.641393,0,294,26,219214.641393,,,1536000
219214.682887,3,295,26,219214.682887,,,1536000
219214.682917,1,295,26,219214.682917,,,1536000
219214.714518,3,296,27,219214.714518,,,1536000
219214.714494,2,296,27,219214.714494,,,1536000
219214.719065,1,296,27,219214.719065,,,1536000
219214.746523,0,297,27,219214.746523,,,1536000
219214.750147,3,297,28,219214.750147,,,1536000
219214.778112,1,298,28,219214.778112,,,1536000
219214.781520,2,298,28,219214.781520,,,1536000
219214.809671,0,299,28,219214.809671,,,1536000
