elapsed_s,cpu_normalized_pct,system_cpu_pct,rss_sum_MB,system_memory_pct,backlog_proxy,n_valid_processes
0.5066103000135627,0.08333333333333333,17.5,358.01088,74.3,6,5
1.0132561000064015,0.5166666666666667,18.9,497.823744,74.7,6,5
1.5259876000054646,0.0,18.3,520.880128,74.8,3,5
2.0333126000186894,0.7666666666666666,19.5,553.156608,74.8,3,5
2.537238000018988,0.25833333333333336,18.2,577.748992,74.8,2,5
3.052144000015687,0.25,18.2,586.981376,74.8,5,5
3.562907700019423,1.0166666666666666,23.4,591.60576,74.6,3,5
4.075100400019437,0.7666666666666666,39.6,593.16224,74.7,6,5
4.588361600006465,0.0,17.4,597.786624,74.8,3,5
5.103465599997435,0.25,16.8,603.947008,74.8,6,5
5.614587400021264,0.7666666666666666,13.1,603.963392,74.8,6,5
6.126538300013635,1.2916666666666667,17.2,605.519872,74.8,3,5
6.63740730000427,4.583333333333333,20.5,605.581312,74.8,3,5
7.146939199999906,0.25833333333333336,14.5,605.597696,74.7,6,5
7.657265800022287,2.5416666666666665,18.5,605.61408,74.7,3,5
8.16814880000311,0.0,25.3,605.63456,74.7,4,5
8.676862200023606,2.2916666666666665,16.5,605.65504,74.8,6,5
9.187467400013702,0.7666666666666666,17.0,605.67552,74.6,6,5
9.697949199995492,0.0,17.6,605.696,74.5,3,5
