camera,seq,status,slot_id,capture_s,enqueue_s,finish_s,latency_ms
0,0,completed,0,219252.3427745,219252.3437608,219252.3453257,2.551200013840571
3,0,completed,0,219252.3427867,219252.3439978,219252.3459304,3.143700014334172
2,0,completed,0,219252.3428184,219252.3440729,219252.3464642,3.645799995865673
1,0,completed,0,219252.3428868,219252.3442654,219252.3471616,4.274799983249977
3,1,completed,1,219252.3744044,219252.3753403,219252.3760285,1.6240999975707382
1,1,completed,1,219252.3744343,219252.3753539,219252.3767038,2.269499993417412
0,1,completed,1,219252.3744013,219252.3755259,219252.3772422,2.840899978764355
2,1,completed,1,219252.374465,219252.375563,219252.377818,3.3530000073369592
3,2,completed,2,219252.4218398,219252.4230468,219252.4238987,2.058900019619614
1,2,completed,2,219252.4218687,219252.423066,219252.4245524,2.6837000041268766
2,2,completed,2,219252.4218788,219252.4232134,219252.4251358,3.257000003941357
0,2,completed,2,219252.4218264,219252.4232031,219252.4256878,3.8613999786321074
0,3,completed,3,219252.453627,219252.4545743,219252.4553551,1.7281000036746264
1,3,completed,3,219252.4536341,219252.4546501,219252.4559357,2.3016000050120056
2,3,completed,3,219252.4536057,219252.4546899,219252.4564611,2.8554000018630177
3,3,completed,3,219252.4535984,219252.454834,219252.4571743,3.575900016585365
3,4,completed,4,219252.4850876,219252.486441,219252.487186,2.098400000249967
1,4,completed,4,219252.4851179,219252.4865197,219252.4877613,2.6433999883010983
0,4,completed,4,219252.4850272,219252.4865802,219252.4882979,3.270700020948425
2,4,completed,4,219252.4850701,219252.4868121,219252.4888397,3.7696000072173774
3,5,completed,5,219252.516652,219252.5178834,219252.5186093,1.9573000026866794
0,5,completed,5,219252.5166287,219252.5179174,219252.5191847,2.5560000212863088
1,5,completed,5,219252.5165992,219252.5180649,219252.5197187,3.119500004686415
2,5,completed,5,219252.5166748,219252.5181826,219252.520246,3.5712000099010766
2,6,completed,6,219252.5481802,219252.549063,219252.549843,1.6627999721094966
3,6,completed,6,219252.5482056,219252.5491684,219252.5504039,2.1983000042382628
0,6,completed,6,219252.5482729,219252.5492431,219252.550917,2.6440999936312437
1,6,completed,6,219252.5482493,219252.5493974,219252.5514665,3.217200021026656
1,7,completed,7,219252.5798916,219252.5808997,219252.5816318,1.7402000084985048
3,7,completed,7,219252.5799413,219252.580914,219252.5822116,2.2702999995090067
0,7,completed,7,219252.5799097,219252.5809414,219252.582737,2.827299991622567
2,7,completed,7,219252.5799654,219252.580984,219252.5834591,3.4937000018544495
3,8,completed,8,219252.6116791,219252.6128258,219252.6135544,1.875300018582493
2,8,completed,8,219252.611706,219252.6129194,219252.6141898,2.4837999953888357
0,8,completed,8,219252.6116351,219252.6128998,219252.6147476,3.112499980488792
1,8,completed,8,219252.6117004,219252.6128938,219252.6153058,3.6053999792784452
0,9,completed,9,219252.6435962,219252.6445161,219252.6452528,1.6565999831072986
1,9,completed,9,219252.6436342,219252.6445063,219252.6457955,2.161299984436482
3,9,completed,9,219252.6435728,219252.6446326,219252.6462936,2.720799995586276
2,9,completed,9,219252.6436277,219252.6447217,219252.6468021,3.174400015268475
3,10,completed,10,219252.6753873,219252.6765801,219252.6774488,2.061500010313466
1,10,completed,10,219252.6754101,219252.6766113,219252.6782207,2.81060000997968
2,10,completed,10,219252.6753782,219252.6767771,219252.6787868,3.4086000232491642
0,10,completed,10,219252.6754329,219252.6768637,219252.6793356,3.902700002072379
2,11,completed,11,219252.7067672,219252.7077245,219252.7085952,1.8280000076629221
0,11,completed,11,219252.7068047,219252.7077429,219252.7091885,2.383800019742921
1,11,completed,11,219252.706821,219252.707745,219252.709734,2.913000003900379
3,11,completed,11,219252.7067682,219252.7079424,219252.7103609,3.5926999989897013
2,12,completed,12,219252.7545695,219252.7555038,219252.7563722,1.802700018743053
1,12,completed,12,219252.7545273,219252.7556767,219252.7569192,2.391899994108826
3,12,completed,12,219252.7545273,219252.7556775,219252.7575788,3.051499981665984
0,12,completed,12,219252.7545976,219252.7557113,219252.758094,3.496399993309751
3,13,completed,13,219252.7761557,219252.7773493,219252.7781009,1.945199997862801
0,13,completed,13,219252.7761433,219252.7774657,219252.7786537,2.510399994207546
1,13,completed,13,219252.7762207,219252.7774801,219252.7791385,2.917799982242286
2,13,completed,13,219252.776168,219252.777471,219252.7796495,3.4814999962691218
3,14,completed,14,219252.80867,219252.8096794,219252.8106132,1.9432000117376447
1,14,completed,14,219252.8087023,219252.8097391,219252.8112227,2.5203999830409884
2,14,completed,14,219252.8086471,219252.8098998,219252.8117565,3.1094000150915235
0,14,completed,14,219252.8086935,219252.809957,219252.812272,3.5785000072792172
0,15,completed,15,219252.8412937,219252.8424376,219252.8433529,2.0591999928001314
2,15,completed,15,219252.841286,219252.8426333,219252.8442107,2.9246999765746295
3,15,completed,15,219252.8413591,219252.8426423,219252.8447768,3.417699976125732
1,15,completed,15,219252.841329,219252.8427545,219252.8453355,4.0065000066533685
3,16,completed,16,219252.8886779,219252.8896239,219252.8904963,1.8184000218752772
2,16,completed,16,219252.8887096,219252.8898633,219252.8912647,2.5551000144332647
0,16,completed,16,219252.8887682,219252.8900481,219252.8918857,3.1174999894574285
1,16,completed,16,219252.8887263,219252.8899991,219252.8925451,3.8188000035006553
2,17,completed,17,219252.9207005,219252.9215663,219252.9222379,1.5374000067822635
3,17,completed,17,219252.9206706,219252.9215444,219252.9227875,2.116899995598942
0,17,completed,17,219252.9206958,219252.9217015,219252.9234722,2.7763999823946506
1,17,completed,17,219252.9206626,219252.9218589,219252.9240077,3.3451000053901225
0,18,completed,18,219252.9519152,219252.9529874,219252.9538425,1.9272999779786915
3,18,completed,18,219252.9519536,219252.9530038,219252.9544861,2.5325000169686973
1,18,completed,18,219252.9518933,219252.9531517,219252.9550809,3.1875999993644655
2,18,completed,18,219252.9519519,219252.9532662,219252.9556216,3.6697000032290816
2,19,completed,19,219252.9830104,219252.9839446,219252.9846658,1.655400003073737
1,19,completed,19,219252.9830294,219252.9839432,219252.985235,2.2056000016164035
0,19,completed,19,219252.983033,219252.9840048,219252.9857431,2.7101000014226884
3,19,completed,19,219252.9830781,219252.984069,219252.9862503,3.1721999985165894
0,20,completed,20,219253.0115091,219253.0123814,219253.0131765,1.667400007136166
1,20,completed,20,219253.0115082,219253.0125023,219253.0137431,2.2348999918904155
3,20,completed,20,219253.0115466,219253.0126433,219253.0142775,2.730900014284998
2,20,completed,20,219253.0115934,219253.0126765,219253.0148391,3.2457000052090734
2,21,completed,21,219253.0430692,219253.0440706,219253.0450108,1.9415999995544553
1,21,completed,21,219253.0430512,219253.0442228,219253.045696,2.644799998961389
3,21,completed,21,219253.0430373,219253.0442757,219253.0462696,3.2322999904863536
0,21,completed,21,219253.0430883,219253.0443022,219253.0468448,3.7564999947790056
1,22,completed,22,219253.0771685,219253.0780936,219253.0788803,1.7117999959737062
0,22,completed,22,219253.0770958,219253.0781609,219253.0795168,2.42100001196377
3,22,completed,22,219253.0771244,219253.0782112,219253.080076,2.9516000067815185
2,22,completed,22,219253.0771203,219253.0783038,219253.0806241,3.503799991449341
1,23,completed,23,219253.1111011,219253.1122153,219253.1129602,1.8591000116430223
2,23,completed,23,219253.1111109,219253.1121925,219253.1135745,2.463599987095222
0,23,completed,23,219253.1111182,219253.1122605,219253.1141024,2.984199993079528
3,23,completed,23,219253.1111619,219253.1123104,219253.1146004,3.4385000180918723
0,24,completed,24,219253.1438904,219253.1449088,219253.1457757,1.885299978312105
2,24,completed,24,219253.1439174,219253.1450915,219253.1464392,2.521799993701279
1,24,completed,24,219253.1439463,219253.1451443,219253.1471474,3.2011000148486346
3,24,completed,24,219253.1439557,219253.1451845,219253.1478542,3.8984999991953373
0,25,completed,25,219253.1772906,219253.1783874,219253.1797753,2.4847000022418797
1,25,completed,25,219253.1772455,219253.1785125,219253.1806409,3.395400010049343
2,25,completed,25,219253.1772715,219253.1785878,219253.1812712,3.9997000130824745
3,25,completed,25,219253.1772455,219253.1790624,219253.1818684,4.622899985406548
1,26,completed,26,219253.2107761,219253.2118651,219253.2126425,1.866400009021163
0,26,completed,26,219253.210806,219253.2118748,219253.2133072,2.5012000114656985
3,26,completed,26,219253.210769,219253.2119921,219253.2138888,3.119800006970763
2,26,completed,26,219253.2108369,219253.2120443,219253.2144461,3.60920000821352
1,27,completed,27,219253.243954,219253.2453045,219253.2462571,2.303099987329915
2,27,completed,27,219253.2440075,219253.2454194,219253.2469848,2.977299998747185
3,27,completed,27,219253.2439428,219253.2453733,219253.2477303,3.7874999979976565
0,27,completed,27,219253.2439797,219253.2454619,219253.2484663,4.486599995288998
2,28,completed,28,219253.2774169,219253.278463,219253.2794308,2.0138999971095473
0,28,completed,28,219253.2774139,219253.2784927,219253.2800546,2.6406999968457967
1,28,completed,28,219253.2774223,219253.2786323,219253.2806056,3.183300024829805
3,28,completed,28,219253.2774078,219253.2786953,219253.2811544,3.7466000067070127
3,29,completed,29,219253.3114411,219253.3126944,219253.3135026,2.061500010313466
1,29,completed,29,219253.3114323,219253.3128472,219253.3140928,2.660500002093613
2,29,completed,29,219253.3114534,219253.3128776,219253.3147727,3.3192999835591763
0,29,completed,29,219253.3114626,219253.3129009,219253.3156214,4.1588000021874905
1,30,completed,30,219253.3425432,219253.3438458,219253.3447954,2.2521999781019986
2,30,completed,30,219253.342529,219253.3439304,219253.3458736,3.344600001582876
0,30,completed,30,219253.3424842,219253.3439676,219253.3465987,4.1145000141114
3,30,completed,30,219253.3424843,219253.3439941,219253.3472019,4.717600008007139
0,31,completed,31,219253.3775568,219253.3787543,219253.3796537,2.096899988828227
1,31,completed,31,219253.3775769,219253.3788209,219253.3803404,2.763500000583008
2,31,completed,31,219253.3775331,219253.3788712,219253.3809401,3.407000011065975
3,31,completed,31,219253.3775176,219253.3788895,219253.3815048,3.9872000052127987
1,32,completed,0,219253.411136,219253.4115976,219253.4121226,0.9866000036709011
2,32,completed,0,219253.4110785,219253.4116544,219253.4124235,1.344999996945262
3,32,completed,0,219253.4111179,219253.4116504,219253.4126372,1.5193000144790858
0,32,completed,0,219253.4110982,219253.411724,219253.412843,1.7447999853175133
3,33,completed,1,219253.4443216,219253.4445548,219253.4451098,0.7882000063546002
0,33,completed,1,219253.4443037,219253.4446277,219253.4454294,1.125699986005202
2,33,completed,1,219253.4443745,219253.4451269,219253.4456672,1.292700006160885
1,33,completed,1,219253.4443794,219253.4451371,219253.4458734,1.4939999964553863
3,34,completed,2,219253.4777395,219253.478262,219253.4786698,0.9303000115323812
0,34,completed,2,219253.4777549,219253.4783056,219253.4789722,1.2173000141046941
2,34,completed,2,219253.4777063,219253.4783146,219253.4791827,1.4763999788556248
1,34,completed,2,219253.4777061,219253.4782961,219253.4794063,1.7001999949570745
1,35,completed,3,219253.5111573,219253.511602,219253.5120629,0.9055999980773777
0,35,completed,3,219253.5111969,219253.5116301,219253.5123719,1.1749999830499291
2,35,completed,3,219253.5111325,219253.5117203,219253.5130385,1.9060000195167959
3,35,completed,3,219253.5112101,219253.5117721,219253.5134149,2.2047999955248088
0,36,completed,4,219253.5452039,219253.5455187,219253.5462165,1.0125999979209155
3,36,completed,4,219253.5452104,219253.5455939,219253.5467633,1.5528999792877585
1,36,completed,4,219253.5451525,219253.5457194,219253.5469584,1.805899984901771
2,36,completed,4,219253.5451526,219253.5457159,219253.5471577,2.0050999883096665
1,37,completed,5,219253.5844402,219253.5848221,219253.5851818,0.7416000007651746
2,37,completed,5,219253.5844517,219253.5848163,219253.5854178,0.9660999930929393
3,37,completed,5,219253.5844224,219253.5847829,219253.5855815,1.1591000074986368
0,37,completed,5,219253.5844756,219253.5849057,219253.585724,1.2484000180847943
1,38,completed,6,219253.6120111,219253.6122531,219253.6127578,0.7467000104952604
2,38,completed,6,219253.6120769,219253.612396,219253.613119,1.0420999897178262
3,38,completed,6,219253.6120318,219253.6126391,219253.6134202,1.3884000072721392
0,38,completed,6,219253.6120429,219253.6126544,219253.6136725,1.6296000103466213
1,39,completed,7,219253.6438812,219253.6441991,219253.6446959,0.8147000044118613
3,39,completed,7,219253.6439091,219253.64425,219253.6451793,1.2701999803539366
2,39,completed,7,219253.6438804,219253.6443321,219253.6454162,1.5357999945990741
0,39,completed,7,219253.6439355,219253.6443751,219253.6456518,1.716300001135096
1,40,completed,8,219253.6794041,219253.6797064,219253.6801748,0.7707000186201185
3,40,completed,8,219253.6794212,219253.6797812,219253.680455,1.0337999847251922
0,40,completed,8,219253.6794472,219253.679843,219253.6807113,1.264099992113188
2,40,completed,8,219253.6794015,219253.6798411,219253.6809849,1.583400007802993
1,41,completed,9,219253.7112966,219253.7116804,219253.7122334,0.9368000028189272
2,41,completed,9,219253.711346,219253.7118501,219253.7125255,1.1795000173151493
0,41,completed,9,219253.7113191,219253.7118932,219253.7127765,1.4574000088032335
3,41,completed,9,219253.7113736,219253.7119296,219253.7130012,1.6275999951176345
2,42,completed,10,219253.74407,219253.7443206,219253.744809,0.7390000100713223
1,42,completed,10,219253.7440687,219253.7444641,219253.7451119,1.043199998093769
3,42,completed,10,219253.7441214,219253.7445112,219253.7454215,1.3001000043004751
0,42,completed,10,219253.7440688,219253.7446311,219253.745721,1.6522000078111887
1,43,completed,11,219253.7783391,219253.7787996,219253.7792693,0.9301999816671014
2,43,completed,11,219253.7783361,219253.7788003,219253.7796252,1.2891000078525394
0,43,completed,11,219253.7783655,219253.7788963,219253.7798894,1.5238999912980944
3,43,completed,11,219253.7783853,219253.7789683,219253.7801276,1.7423000244889408
3,44,completed,12,219253.8115476,219253.8119063,219253.8124509,0.9033000096678734
1,44,completed,12,219253.8115455,219253.811995,219253.8127788,1.2332999904174358
2,44,completed,12,219253.8115846,219253.8121591,219253.8130108,1.426200004061684
0,44,completed,12,219253.8116023,219253.8121521,219253.8132389,1.636600005440414
0,45,completed,13,219253.8451104,219253.8455189,219253.8463998,1.2894000101368874
3,45,completed,13,219253.8452031,219253.8456198,219253.8466603,1.4572000072803348
2,45,completed,13,219253.8451182,219253.8458581,219253.8468845,1.7663000035099685
1,45,completed,13,219253.8451243,219253.8458666,219253.8471274,2.0031000021845102
3,46,completed,14,219253.8771494,219253.8774617,219253.8779408,0.7914000016171485
2,46,completed,14,219253.8771794,219253.8774994,219253.8782217,1.042299991240725
0,46,completed,14,219253.8771517,219253.8775796,219253.8784384,1.2866999895777553
1,46,completed,14,219253.8772455,219253.8776741,219253.878797,1.5514999977312982
1,47,completed,15,219253.9102802,219253.9105675,219253.9110411,0.7608999731019139
2,47,completed,15,219253.910327,219253.9106308,219253.9115622,1.2352000048849732
0,47,completed,15,219253.910306,219253.9107226,219253.9118628,1.5568000089842826
3,47,completed,15,219253.9103561,219253.9107779,219253.9122447,1.888600003439933
0,48,completed,16,219253.9442509,219253.9444881,219253.9450127,0.761799979954958
3,48,completed,16,219253.94428,219253.944608,219253.9453673,1.0873000137507915
2,48,completed,16,219253.9442324,219253.9447838,219253.9457289,1.4964999863877892
1,48,completed,16,219253.9442324,219253.9447771,219253.9459915,1.7590999777894467
2,49,completed,17,219253.9760701,219253.9764211,219253.976886,0.8158999844454229
0,49,completed,17,219253.9760618,219253.976461,219253.9772456,1.1837999918498099
1,49,completed,17,219253.9760418,219253.9764137,219253.9775258,1.484000007621944
3,49,completed,17,219253.9760423,219253.976512,219253.977767,1.7247000068891793
2,50,completed,18,219254.0113664,219254.0116461,219254.0123032,0.9368000028189272
3,50,completed,18,219254.0113816,219254.0117525,219254.0126595,1.277900009881705
0,50,completed,18,219254.0113727,219254.0118806,219254.0129068,1.5340999816544354
1,50,completed,18,219254.0113815,219254.0119392,219254.0130422,1.6607000143267214
0,51,completed,19,219254.0435904,219254.0439357,219254.0443703,0.7799000013619661
1,51,completed,19,219254.0435996,219254.0439391,219254.0447124,1.1128000041935593
2,51,completed,19,219254.0436564,219254.0439967,219254.0450144,1.3580000086221844
3,51,completed,19,219254.0436365,219254.0440685,219254.0452778,1.6413000121247023
2,52,completed,20,219254.0776422,219254.0778946,219254.0783654,0.7232000061776489
1,52,completed,20,219254.0776752,219254.0779729,219254.0787534,1.0782000026665628
0,52,completed,20,219254.0777135,219254.0780793,219254.0791505,1.436999998986721
3,52,completed,20,219254.0777231,219254.0781477,219254.0794436,1.7205000040121377
2,53,completed,21,219254.1104903,219254.110852,219254.1112464,0.7560999947600067
0,53,completed,21,219254.1104616,219254.1108238,219254.1115742,1.1126000026706606
3,53,completed,21,219254.1104617,219254.110825,219254.1118198,1.3580999802798033
1,53,completed,21,219254.1105355,219254.1109562,219254.1120866,1.5511000237893313
0,54,completed,22,219254.1420685,219254.1423806,219254.1428899,0.821399997221306
1,54,completed,22,219254.1421229,219254.1424578,219254.1432022,1.0793000110425055
3,54,completed,22,219254.1420654,219254.142463,219254.1434384,1.3730000064242631
2,54,completed,22,219254.1421466,219254.1425892,219254.1437532,1.6066000098362565
0,55,completed,23,219254.1892942,219254.189617,219254.1901084,0.8142000006046146
3,55,completed,23,219254.189261,219254.1897294,219254.1904306,1.1696000001393259
2,55,completed,23,219254.189261,219254.1897188,219254.1907125,1.4515000220853835
1,55,completed,23,219254.1893427,219254.1897376,219254.1910041,1.6613999905530363
2,56,completed,24,219254.221263,219254.2216086,219254.2220665,0.8034999773371965
1,56,completed,24,219254.2212872,219254.2215716,219254.2223821,1.0949000134132802
0,56,completed,24,219254.2213381,219254.2217397,219254.2226352,1.2971000105608255
3,56,completed,24,219254.2213145,219254.2217723,219254.222926,1.611499988939613
1,57,completed,25,219254.2527216,219254.2529818,219254.2535016,0.7800000021234155
3,57,completed,25,219254.2528112,219254.2530628,219254.2538878,1.0765999904833734
2,57,completed,25,219254.2527444,219254.2532592,219254.2541195,1.3750999933108687
0,57,completed,25,219254.2527566,219254.2533225,219254.2544174,1.6607999859843403
0,58,completed,26,219254.2836024,219254.2838664,219254.284332,0.7295999967027456
3,58,completed,26,219254.2836958,219254.2840004,219254.2846801,0.9843000152613968
2,58,completed,26,219254.2835971,219254.2839882,219254.284963,1.365900010569021
1,58,completed,26,219254.2836201,219254.2840748,219254.2852096,1.5894999960437417
0,59,completed,27,219254.3158955,219254.3161978,219254.3166588,0.763299991376698
2,59,completed,27,219254.3159275,219254.3162394,219254.3169991,1.0716000106185675
1,59,completed,27,219254.3158558,219254.3162904,219254.3172744,1.4186000043991953
3,59,completed,27,219254.315856,219254.3163621,219254.3175213,1.66529999114573
3,60,completed,28,219254.3470041,219254.3472828,219254.3481486,1.144499983638525
0,60,completed,28,219254.3470028,219254.3473039,219254.3484264,1.4236000133678317
1,60,completed,28,219254.3470468,219254.3475822,219254.3486463,1.5995000139810145
2,60,completed,28,219254.3470594,219254.3475873,219254.3489023,1.8429000047035515
0,61,completed,29,219254.3784703,219254.3787622,219254.3792877,0.8173999958671629
1,61,completed,29,219254.3785304,219254.3789048,219254.3796897,1.1593000090215355
2,61,completed,29,219254.3785183,219254.378876,219254.3799895,1.4711999974679202
3,61,completed,29,219254.3784945,219254.3789367,219254.3802715,1.7769999976735562
1,62,completed,30,219254.4107194,219254.4110025,219254.4114891,0.7696999819017947
3,62,completed,30,219254.410745,219254.4110784,219254.4118204,1.0754000104498118
0,62,completed,30,219254.4107142,219254.4111346,219254.412105,1.3907999964430928
2,62,completed,30,219254.4107941,219254.4111695,219254.4124327,1.6385999915655702
0,63,completed,31,219254.4432513,219254.443593,219254.4440822,0.8309000113513321
2,63,completed,31,219254.443244,219254.443677,219254.4444143,1.1703000054694712
3,63,completed,31,219254.4433223,219254.4436939,219254.4446812,1.358899986371398
1,63,completed,31,219254.4432796,219254.443759,219254.4449372,1.657599990721792
3,64,completed,0,219254.4749173,219254.4751816,219254.4756805,0.7632000197190791
2,64,completed,0,219254.4749541,219254.4752831,219254.4759452,0.9911000088322908
1,64,completed,0,219254.4750256,219254.4753763,219254.4762087,1.183100015623495
0,64,completed,0,219254.4749824,219254.4754267,219254.4764917,1.5093000256456435
1,65,completed,1,219254.5227179,219254.5230166,219254.5234405,0.7226000016089529
0,65,completed,1,219254.5227703,219254.5230903,219254.523753,0.9826999739743769
3,65,completed,1,219254.5227662,219254.5230919,219254.5240296,1.2633999867830426
2,65,completed,1,219254.5227856,219254.5232049,219254.5242683,1.4826999977231026
1,66,completed,2,219254.5547659,219254.5550891,219254.5555866,0.8207000209949911
2,66,completed,2,219254.5547664,219254.5550869,219254.5559153,1.1489000171422958
3,66,completed,2,219254.5548238,219254.5552304,219254.556189,1.3652000052388757
0,66,completed,2,219254.5548606,219254.5552806,219254.5564409,1.5802999841980636
0,67,completed,3,219254.5863528,219254.5866498,219254.5871622,0.8094000222627074
1,67,completed,3,219254.5863509,219254.5867602,219254.5874518,1.1009000008925796
2,67,completed,3,219254.5864259,219254.5867533,219254.5877197,1.2938000145368278
3,67,completed,3,219254.58638,219254.5868734,219254.5879746,1.5946000057738274
2,68,completed,4,219254.6182452,219254.6185455,219254.6189974,0.752199994167313
3,68,completed,4,219254.6181976,219254.6185833,219254.6192912,1.0936000035144389
1,68,completed,4,219254.618197,219254.6186503,219254.6195493,1.3522999943234026
0,68,completed,4,219254.6182939,219254.6186741,219254.6197431,1.4491999754682183
1,69,completed,5,219254.6499692,219254.6510289,219254.6514221,1.4529000036418438
0,69,completed,5,219254.649864,219254.6509475,219254.651782,1.9179999944753945
3,69,completed,5,219254.6498935,219254.6510155,219254.6520842,2.190700004575774
2,69,completed,5,219254.6498617,219254.6510459,219254.6523666,2.5049000105354935
0,70,completed,6,219254.6815789,219254.6818369,219254.6822959,0.7170000171754509
3,70,completed,6,219254.6816154,219254.6818825,219254.682632,1.0165999992750585
1,70,completed,6,219254.6815145,219254.6820767,219254.6829071,1.392600010149181
2,70,completed,6,219254.6815146,219254.6820801,219254.6831603,1.6456999874208122
1,71,completed,7,219254.713117,219254.7136055,219254.7140769,0.9599000040907413
0,71,completed,7,219254.7131568,219254.7136455,219254.7144113,1.254500006325543
3,71,completed,7,219254.7131311,219254.7136459,219254.7146996,1.5685000107623637
2,71,completed,7,219254.7131865,219254.7137581,219254.7149819,1.795399992261082
0,72,completed,8,219254.7444161,219254.7446783,219254.7451599,0.7437999884132296
1,72,completed,8,219254.7444967,219254.7447641,219254.7455012,1.00449999445118
3,72,completed,8,219254.7444383,219254.744886,219254.7457823,1.3439999893307686
2,72,completed,8,219254.7444495,219254.7449267,219254.7460447,1.5952000103425235
3,73,completed,9,219254.7758579,219254.7761556,219254.7766474,0.7894999871496111
0,73,completed,9,219254.775905,219254.7762017,219254.7769662,1.0612000187393278
2,73,completed,9,219254.775881,219254.7762786,219254.7772288,1.347799989162013
1,73,completed,9,219254.7759237,219254.7763247,219254.7774887,1.5649999841116369
3,74,completed,10,219254.8227028,219254.8228874,219254.8232854,0.5825999833177775
0,74,completed,10,219254.8232925,219254.8236116,219254.8239396,0.6471000087913126
1,74,completed,10,219254.8232491,219254.8235864,219254.8241892,0.9400999988429248
2,74,completed,10,219254.8233264,219254.8236527,219254.824457,1.1306000233162194
2,75,completed,11,219254.8543264,219254.8548295,219254.8556894,1.3629999884869903
3,75,completed,11,219254.8541778,219254.8547872,219254.8560285,1.850700005888939
0,75,completed,11,219254.8541976,219254.8548728,219254.8562931,2.095499978167936
1,75,completed,11,219254.8541861,219254.8549129,219254.8565486,2.362499973969534
0,76,completed,12,219254.8808391,219254.8812128,219254.8816361,0.7970000151544809
2,76,completed,12,219254.8808052,219254.8812226,219254.8819253,1.1201000015717
1,76,completed,12,219254.8807726,219254.8812785,219254.8821916,1.4189999783411622
3,76,completed,12,219254.8808722,219254.8812612,219254.8824451,1.5728999860584736
3,77,completed,13,219254.91316,219254.9134767,219254.9140634,0.9034000104293227
1,77,completed,13,219254.91316,219254.9136565,219254.9143749,1.21489999582991
0,77,completed,13,219254.9132023,219254.9136567,219254.9146595,1.4572000072803348
2,77,completed,13,219254.9132226,219254.913796,219254.914929,1.7063999839592725
1,78,completed,14,219254.9448637,219254.945162,219254.9456432,0.7794999983161688
2,78,completed,14,219254.9448369,219254.9452706,219254.9459787,1.1418000212870538
0,78,completed,14,219254.9448883,219254.9452907,219254.9462055,1.3171999889891595
3,78,completed,14,219254.944837,219254.9452758,219254.9464728,1.6357999993488193
1,79,completed,15,219254.9764681,219254.9767409,219254.9772002,0.7320999866351485
3,79,completed,15,219254.9765078,219254.9767763,219254.9775378,1.0300000139977783
2,79,completed,15,219254.976432,219254.9769726,219254.9778116,1.3795999984722584
0,79,completed,15,219254.9764321,219254.9769718,219254.978071,1.6388999938499182
0,80,completed,16,219255.0133934,219255.0138821,219255.0143405,0.9470999939367175
3,80,completed,16,219255.0133896,219255.0138936,219255.0146595,1.269900007173419
2,80,completed,16,219255.0134358,219255.0139549,219255.0149021,1.4662999892607331
1,80,completed,16,219255.0134752,219255.0139927,219255.0151285,1.6533000161871314
0,81,completed,17,219255.0458604,219255.0461797,219255.0465965,0.736100017093122
2,81,completed,17,219255.0458202,219255.0461405,219255.0468911,1.070900005288422
3,81,completed,17,219255.0457765,219255.0462035,219255.0472393,1.4628000208176672
1,81,completed,17,219255.0458943,219255.0462353,219255.0475127,1.6183999832719564
0,82,completed,18,219255.0784018,219255.0786847,219255.0791411,0.7392999832518399
1,82,completed,18,219255.0784512,219255.0787463,219255.0794945,1.0432999988552183
3,82,completed,18,219255.0783951,219255.0787995,219255.0797769,1.3818000152241439
2,82,completed,18,219255.0784859,219255.078875,219255.0800636,1.5776999935042113
1,83,completed,19,219255.110115,219255.1105008,219255.1108679,0.7528999994974583
0,83,completed,19,219255.1101295,219255.110493,219255.1112064,1.0768999927677214
2,83,completed,19,219255.1101232,219255.1104938,219255.1114781,1.3549000141210854
3,83,completed,19,219255.1101976,219255.1105542,219255.1117324,1.5347999869845808
1,84,completed,20,219255.1414922,219255.1418212,219255.1422529,0.7607000006828457
3,84,completed,20,219255.1414441,219255.1418519,219255.1425537,1.1095999798271805
0,84,completed,20,219255.1415155,219255.1418739,219255.1428068,1.2912999955005944
2,84,completed,20,219255.1414629,219255.1419091,219255.1430534,1.590500003658235
0,85,completed,21,219255.1885089,219255.188813,219255.1892791,0.7702000148128718
2,85,completed,21,219255.188508,219255.1889018,219255.1896026,1.0946000111289322
1,85,completed,21,219255.1885491,219255.1889785,219255.1898956,1.3464999792631716
3,85,completed,21,219255.1885404,219255.1890536,219255.1901452,1.6047999961301684
0,86,completed,22,219255.2202246,219255.2205617,219255.2212307,1.0061000066343695
3,86,completed,22,219255.2202481,219255.2207238,219255.2216024,1.3543000095523894
1,86,completed,22,219255.220304,219255.2207417,219255.2218736,1.5696000191383064
2,86,completed,22,219255.2202986,219255.2208001,219255.2221442,1.8455999961588532
0,87,completed,23,219255.2524093,219255.2527696,219255.2532411,0.8317999891005456
1,87,completed,23,219255.2523759,219255.2527283,219255.2536195,1.2436000106390566
3,87,completed,23,219255.2523779,219255.2527956,219255.2538894,1.511499984189868
2,87,completed,23,219255.2524234,219255.2528646,219255.2541993,1.7758999892976135
2,88,completed,24,219255.2838845,219255.2842934,219255.2847006,0.8160999859683216
1,88,completed,24,219255.2839267,219255.2842952,219255.2850379,1.11119999201037
3,88,completed,24,219255.2838965,219255.2842576,219255.2853168,1.4202999882400036
0,88,completed,24,219255.2839592,219255.2843306,219255.2856074,1.6482000064570457
3,89,completed,25,219255.315347,219255.315651,219255.31613,0.7829999958630651
2,89,completed,25,219255.3153974,219255.3157701,219255.3164661,1.0686999885365367
0,89,completed,25,219255.3154037,219255.3157674,219255.3167355,1.3318000128492713
1,89,completed,25,219255.315451,219255.3158567,219255.3169805,1.5295000048354268
1,90,completed,26,219255.3464546,219255.3467698,219255.347218,0.7634000212419778
3,90,completed,26,219255.3463807,219255.346667,219255.3476585,1.2777999800164253
0,90,completed,26,219255.3464076,219255.346838,219255.3479185,1.510899979621172
2,90,completed,26,219255.3463927,219255.3468278,219255.3481688,1.7760999908205122
2,91,completed,27,219255.3788615,219255.3792691,219255.3796408,0.7792999967932701
3,91,completed,27,219255.3788874,219255.3792689,219255.3799518,1.0643999848980457
0,91,completed,27,219255.3788126,219255.3792416,219255.3802442,1.4315999869722873
1,91,completed,27,219255.3788124,219255.3792386,219255.3805481,1.7356999742332846
3,92,completed,28,219255.4108367,219255.4112243,219255.4117019,0.8652000105939806
1,92,completed,28,219255.4108228,219255.4112578,219255.4120006,1.1777999752666801
2,92,completed,28,219255.4109123,219255.4113089,219255.412254,1.3417000009212643
0,92,completed,28,219255.4108633,219255.4113389,219255.4125446,1.6812999965623021
0,93,completed,29,219255.445569,219255.4459637,219255.4464539,0.8848999859765172
2,93,completed,29,219255.4456215,219255.4459979,219255.4467891,1.1676000140141696
3,93,completed,29,219255.4455971,219255.4460005,219255.4470571,1.4599999994970858
1,93,completed,29,219255.4456336,219255.4461117,219255.4473562,1.7225999908987433
1,94,completed,30,219255.4795244,219255.4798157,219255.4803094,0.7850000110920519
2,94,completed,30,219255.4795347,219255.479937,219255.4806384,1.103700022213161
0,94,completed,30,219255.4795846,219255.4799228,219255.4808944,1.3098000199534
3,94,completed,30,219255.4796136,219255.4800149,219255.481244,1.6303999873343855
1,95,completed,31,219255.5114535,219255.5118211,219255.5123203,0.8668000227771699
0,95,completed,31,219255.5114913,219255.5118536,219255.5126597,1.1683999910019338
3,95,completed,31,219255.5115455,219255.511916,219255.5129335,1.3880000042263418
2,95,completed,31,219255.5114681,219255.5119562,219255.5131329,1.6647999873384833
0,96,completed,0,219255.5430283,219255.5434322,219255.5438799,0.8516000234521925
2,96,completed,0,219255.5430259,219255.5434263,219255.544246,1.220100006321445
1,96,completed,0,219255.5430637,219255.5434866,219255.5445018,1.4381000073626637
3,96,completed,0,219255.5430869,219255.5434946,219255.5447645,1.677599997492507
0,97,completed,1,219255.5745874,219255.5748598,219255.5753196,0.7321999873965979
2,97,completed,1,219255.5745993,219255.5749536,219255.5756238,1.0245000012218952
3,97,completed,1,219255.5746239,219255.5750173,219255.5758416,1.217699988046661
1,97,completed,1,219255.5746431,219255.5750573,219255.5760278,1.3847000082023442
1,98,completed,2,219255.6223973,219255.6227066,219255.6232244,0.8271000115200877
3,98,completed,2,219255.6223628,219255.6228576,219255.6235446,1.1818000057246536
0,98,completed,2,219255.6223628,219255.6228454,219255.6238463,1.4835000038146973
2,98,completed,2,219255.6224274,219255.6228411,219255.6241552,1.7278000013902783
2,99,completed,3,219255.6541587,219255.6544726,219255.6550006,0.8419000077992678
0,99,completed,3,219255.6541947,219255.654616,219255.6553416,1.146900001913309
1,99,completed,3,219255.6542354,219255.6546177,219255.6556111,1.3756999978795648
3,99,completed,3,219255.65427,219255.6546744,219255.6558886,1.6186000138986856
3,100,completed,4,219255.6862618,219255.6865652,219255.6870458,0.7840000034775585
2,100,completed,4,219255.6863261,219255.6866362,219255.687357,1.0308999917469919
0,100,completed,4,219255.6862444,219255.686669,219255.6876574,1.412999990861863
1,100,completed,4,219255.6862705,219255.6867551,219255.6879178,1.6472999996040016
1,101,completed,5,219255.7179579,219255.7181957,219255.7186287,0.6708000146318227
3,101,completed,5,219255.7180446,219255.7182961,219255.7189152,0.8705999935045838
0,101,completed,5,219255.7179797,219255.718502,219255.7191364,1.1566999892238528
2,101,completed,5,219255.7179907,219255.7185251,219255.7193495,1.3587999856099486
0,102,completed,6,219255.7494331,219255.7497776,219255.7502661,0.8329999982379377
1,102,completed,6,219255.7494945,219255.7498734,219255.7505861,1.0916000173892826
3,102,completed,6,219255.7494583,219255.7498557,219255.7508793,1.420999993570149
2,102,completed,6,219255.7495071,219255.7499083,219255.7511642,1.6570999869145453
3,103,completed,7,219255.7810611,219255.7813567,219255.7819598,0.8987000037450343
0,103,completed,7,219255.7811257,219255.7814472,219255.7822863,1.1605999898165464
2,103,completed,7,219255.7810884,219255.7816083,219255.7825604,1.4720000035595149
1,103,completed,7,219255.7811199,219255.7817379,219255.7827954,1.6755000106059015
0,104,completed,8,219255.812654,219255.812869,219255.8133508,0.6967999797780067
2,104,completed,8,219255.8127071,219255.8130264,219255.8136628,0.9557000012136996
1,104,completed,8,219255.8126771,219255.8132311,219255.8139192,1.2420999992173165
3,104,completed,8,219255.8127307,219255.8133139,219255.8141565,1.4258000010158867
1,105,completed,9,219255.844451,219255.8447549,219255.8451885,0.7374999986495823
2,105,completed,9,219255.8445056,219255.8448264,219255.8454907,0.9851000213529915
0,105,completed,9,219255.8445174,219255.8449077,219255.8457297,1.2123000051360577
3,105,completed,9,219255.8444701,219255.8449284,219255.8459789,1.5087999927345663
2,106,completed,10,219255.8758261,219255.8761899,219255.8770146,1.1884999985340983
0,106,completed,10,219255.8758264,219255.8761808,219255.8773031,1.4766999811399728
1,106,completed,10,219255.8758799,219255.8763709,219255.8775665,1.6866000078152865
3,106,completed,10,219255.8758638,219255.8763658,219255.877826,1.9622000108938664
1,107,completed,11,219255.9073627,219255.9076042,219255.9080265,0.6637999904341996
3,107,completed,11,219255.9073352,219255.9076386,219255.908332,0.9967999940272421
2,107,completed,11,219255.9073941,219255.907674,219255.9085998,1.205699983984232
0,107,completed,11,219255.9231857,219255.9233542,219255.9236844,0.49870001384988427
3,108,completed,12,219255.9490061,219255.9493644,219255.9498071,0.8009999874047935
0,108,completed,12,219255.9490216,219255.9494108,219255.9501723,1.1507000017445534
1,108,completed,12,219255.9490766,219255.9494036,219255.950472,1.3954000023659319
2,108,completed,12,219255.9490768,219255.9495488,219255.9507093,1.6325000033248216
0,109,completed,13,219255.9791426,219255.9794554,219255.9799282,0.7855999865569174
1,109,completed,13,219255.9791431,219255.9795329,219255.980265,1.1218999861739576
2,109,completed,13,219255.9792021,219255.9795275,219255.9805466,1.3445000222418457
3,109,completed,13,219255.9792021,219255.9796993,219255.980797,1.5949000080581754
2,110,completed,14,219256.0128518,219256.0132404,219256.0136149,0.7630999898537993
1,110,completed,14,219256.0128455,219256.0131927,219256.0139248,1.0793000110425055
0,110,completed,14,219256.0128704,219256.0132555,219256.0141406,1.2701999803539366
3,110,completed,14,219256.0128912,219256.013291,219256.0143495,1.4583000156562775
0,111,completed,15,219256.0448762,219256.0452003,219256.045599,0.7228000031318516
1,111,completed,15,219256.044864,219256.0451969,219256.0459159,1.0519000061322004
3,111,completed,15,219256.0448264,219256.0452554,219256.0461966,1.3701999851036817
2,111,completed,15,219256.0448641,219256.0452995,219256.0464634,1.5993000124581158
2,112,completed,16,219256.076149,219256.0769088,219256.0776342,1.4851999876555055
0,112,completed,16,219256.0761253,219256.0768217,219256.0780381,1.9128000130876899
3,112,completed,16,219256.0761026,219256.0771474,219256.0783115,2.208899997640401
1,112,completed,16,219256.0761198,219256.0772314,219256.0785555,2.43569997837767
1,113,completed,17,219256.1081189,219256.1084201,219256.1088069,0.6880000000819564
0,113,completed,17,219256.1080821,219256.1083678,219256.1091181,1.0360000014770776
2,113,completed,17,219256.1080772,219256.1084614,219256.1093721,1.29489999380894
3,113,completed,17,219256.1081498,219256.1085245,219256.109614,1.464199973270297
0,114,completed,18,219256.1544191,219256.1546914,219256.1551092,0.690099986968562
1,114,completed,18,219256.1543984,219256.1546722,219256.1554656,1.067200006218627
3,114,completed,18,219256.1543457,219256.1549015,219256.1557348,1.3891000126022846
2,114,completed,18,219256.1543457,219256.1548993,219256.1559462,1.6004999924916774
0,115,completed,19,219256.1861839,219256.1864353,219256.1869258,0.7419000030495226
1,115,completed,19,219256.1862509,219256.1865623,219256.1872532,1.0023000068031251
2,115,completed,19,219256.1862151,219256.186596,219256.1875501,1.3350000081118196
3,115,completed,19,219256.1863074,219256.1867099,219256.1878427,1.5352999907918274
0,116,completed,20,219256.2179438,219256.2189533,219256.2194614,1.517600001534447
1,116,completed,20,219256.2179422,219256.2189758,219256.2198313,1.8891000072471797
2,116,completed,20,219256.2179922,219256.2191521,219256.220092,2.0998000109102577
3,116,completed,20,219256.2179726,219256.2191907,219256.2203766,2.4039999989327043
2,117,completed,21,219256.2496893,219256.2499699,219256.250426,0.736700021661818
3,117,completed,21,219256.2497286,219256.2500623,219256.2507506,1.0220000112894922
0,117,completed,21,219256.2496439,219256.2501115,219256.251002,1.3581000093836337
1,117,completed,21,219256.2496438,219256.2501508,219256.2512668,1.623000018298626
1,118,completed,22,219256.2814778,219256.2818049,219256.2824113,0.9335000067949295
2,118,completed,22,219256.2815459,219256.2818864,219256.2826915,1.1455999920144677
0,118,completed,22,219256.2814779,219256.281897,219256.2829828,1.504900021245703
3,118,completed,22,219256.2815615,219256.2820679,219256.2832555,1.693999976851046
1,119,completed,23,219256.3127944,219256.3135041,219256.3141715,1.3771000085398555
2,119,completed,23,219256.3127932,219256.313612,219256.314509,1.7157999973278493
0,119,completed,23,219256.3128362,219256.3137034,219256.3148091,1.972900005057454
3,119,completed,23,219256.3128711,219256.3137945,219256.3150964,2.2253000061027706
3,120,completed,24,219256.3447795,219256.3450494,219256.3455418,0.7622999837622046
0,120,completed,24,219256.3448124,219256.3450917,219256.345865,1.0526000114623457
1,120,completed,24,219256.3447656,219256.3453063,219256.3461697,1.4041000104043633
2,120,completed,24,219256.3447779,219256.3453141,219256.3464557,1.6777999990154058
0,121,completed,25,219256.37692,219256.3772118,219256.378033,1.1129999766126275
1,121,completed,25,219256.3769337,219256.377206,219256.3783522,1.418500003637746
2,121,completed,25,219256.3768631,219256.3773566,219256.3786159,1.7527999880257994
3,121,completed,25,219256.3768648,219256.3773807,219256.3788719,2.0071000035386533
2,122,completed,26,219256.4080365,219256.4083935,219256.4088358,0.7992999744601548
0,122,completed,26,219256.408102,219256.4084178,219256.4091525,1.05050002457574
1,122,completed,26,219256.4080735,219256.4085111,219256.4094439,1.3703999866265804
3,122,completed,26,219256.4081021,219256.4085889,219256.4097011,1.5990000101737678
3,123,completed,27,219256.4551595,219256.4553948,219256.455893,0.7334999972954392
1,123,completed,27,219256.455207,219256.4555584,219256.4562263,1.0193000198341906
0,123,completed,27,219256.4551203,219256.4557362,219256.456452,1.331700012087822
2,123,completed,27,219256.4551203,219256.4557357,219256.456719,1.5987000078894198
2,124,completed,28,219256.4832234,219256.4835088,219256.4839632,0.739800016162917
0,124,completed,28,219256.4832147,219256.4835034,219256.4843103,1.0955999896395952
1,124,completed,28,219256.4831604,219256.4837308,219256.4845923,1.4318999892566353
3,124,completed,28,219256.4831604,219256.4837559,219256.4848732,1.7128000035881996
0,125,completed,29,219256.5137213,219256.5140976,219256.5145816,0.8603000023867935
3,125,completed,29,219256.5137876,219256.5141653,219256.5149922,1.2046000047121197
2,125,completed,29,219256.5137672,219256.5141869,219256.5152491,1.4818999916315079
1,125,completed,29,219256.5138245,219256.5142127,219256.5155448,1.720300002489239
3,126,completed,30,219256.5476747,219256.5480053,219256.5484949,0.8201999880839139
0,126,completed,30,219256.5477184,219256.548064,219256.5488445,1.1261000181548297
1,126,completed,30,219256.5476561,219256.5480977,219256.5491021,1.44599998020567
2,126,completed,30,219256.54768,219256.5481663,219256.5494582,1.7782000068109483
2,127,completed,31,219256.5797554,219256.5801068,219256.5805308,0.7754000253044069
3,127,completed,31,219256.5797474,219256.5800861,219256.5808537,1.1062999838031828
1,127,completed,31,219256.579787,219256.5801588,219256.5811349,1.3479000190272927
0,127,completed,31,219256.5798233,219256.580245,219256.5814144,1.5910999791231006
2,128,completed,0,219256.6113896,219256.611728,219256.6121975,0.8079000108409673
3,128,completed,0,219256.611416,219256.6117842,219256.6124986,1.0826000070665032
0,128,completed,0,219256.6114445,219256.6118175,219256.6127599,1.3153999752830714
1,128,completed,0,219256.6114476,219256.6118651,219256.6130464,1.5987999795470387
0,129,completed,1,219256.6431005,219256.6439807,219256.644428,1.3275000092107803
3,129,completed,1,219256.6430931,219256.6439638,219256.644736,1.6428999952040613
2,129,completed,1,219256.643164,219256.6440448,219256.6449905,1.826499996241182
1,129,completed,1,219256.6431986,219256.6440389,219256.645273,2.074399992125109
3,130,completed,2,219256.6743739,219256.6746525,219256.6751342,0.7602999976370484
1,130,completed,2,219256.6743536,219256.6747639,219256.6755099,1.1562999861780554
2,130,completed,2,219256.6743997,219256.674842,219256.6757965,1.3968000130262226
0,130,completed,2,219256.6743998,219256.6748361,219256.6760378,1.6380000161007047
1,131,completed,3,219256.7216274,219256.7219384,219256.7223984,0.770999991800636
2,131,completed,3,219256.7216179,219256.7220417,219256.7227222,1.1042999976780266
3,131,completed,3,219256.7216917,219256.722102,219256.7229951,1.3034000003244728
0,131,completed,3,219256.7216497,219256.7221353,219256.7232276,1.5779000241309404
0,132,completed,4,219256.7530238,219256.7533549,219256.7538039,0.7801000028848648
1,132,completed,4,219256.7530323,219256.7534096,219256.7541086,1.0762999881990254
2,132,completed,4,219256.7529908,219256.7535452,219256.7543888,1.3979999930597842
3,132,completed,4,219256.7529909,219256.753531,219256.7546391,1.6482000064570457
2,133,completed,5,219256.7844441,219256.7847862,219256.7852205,0.7764000038150698
1,133,completed,5,219256.7844715,219256.784827,219256.7855478,1.0763000173028558
3,133,completed,5,219256.78452,219256.78491,219256.7858352,1.3152000028640032
0,133,completed,5,219256.7844453,219256.7849215,219256.7860788,1.633500010939315
2,134,completed,6,219256.8165445,219256.8168088,219256.817273,0.7284999883268028
0,134,completed,6,219256.8165132,219256.8169252,219256.8175315,1.0183000122196972
1,134,completed,6,219256.8165612,219256.816957,219256.8177933,1.2321000103838742
3,134,completed,6,219256.8165835,219256.8170054,219256.8180471,1.4635999978054315
1,135,completed,7,219256.8481019,219256.8483364,219256.8488206,0.7187000010162592
0,135,completed,7,219256.8481373,219256.848441,219256.8491778,1.0405000066384673
3,135,completed,7,219256.8480593,219256.8486412,219256.8494476,1.3882999774068594
2,135,completed,7,219256.8480592,219256.8486404,219256.8497104,1.6512000001966953
3,136,completed,8,219256.8799782,219256.8802356,219256.8810834,1.1051999754272401
2,136,completed,8,219256.8799704,219256.8803271,219256.8813957,1.42529999720864
1,136,completed,8,219256.8800127,219256.8805474,219256.8816666,1.653899991651997
0,136,completed,8,219256.8800082,219256.8805265,219256.8819601,1.9518999906722456
0,137,completed,9,219256.9118277,219256.9121805,219256.9125937,0.7659999828319997
1,137,completed,9,219256.9117972,219256.9121263,219256.912947,1.1497999948915094
2,137,completed,9,219256.9118478,219256.9122225,219256.9132269,1.3791000237688422
3,137,completed,9,219256.9118995,219256.9122589,219256.913464,1.5645000094082206
0,138,completed,10,219256.9436588,219256.9439283,219256.9444208,0.7619999814778566
2,138,completed,10,219256.943693,219256.9439601,219256.9447321,1.0390999959781766
3,138,completed,10,219256.943718,219256.9442897,219256.9449942,1.2761999969370663
1,138,completed,10,219256.9437057,219256.9442851,219256.9452971,1.591400010511279
3,139,completed,11,219256.9752361,219256.9755343,219256.9760115,0.7753999962005764
2,139,completed,11,219256.9752725,219256.9756206,219256.9762948,1.0222999844700098
1,139,completed,11,219256.9752357,219256.9756478,219256.9765658,1.3300999999046326
0,139,completed,11,219256.9752995,219256.9757085,219256.9768538,1.5543000190518796
0,140,completed,12,219257.0161775,219257.0165258,219257.0172017,1.0241999989375472
1,140,completed,12,219257.0161982,219257.0165423,219257.0176414,1.443199987988919
2,140,completed,12,219257.0161892,219257.0169223,219257.0180195,1.830300025176257
3,140,completed,12,219257.0161778,219257.0169491,219257.0182963,2.1185000077821314
2,141,completed,13,219257.049679,219257.0499623,219257.050587,0.9080000163521618
1,141,completed,13,219257.0497232,219257.0502066,219257.0509202,1.197000005049631
0,141,completed,13,219257.0496809,219257.0504121,219257.051149,1.4681000029668212
3,141,completed,13,219257.0496775,219257.0504137,219257.0513929,1.715399994282052
1,142,completed,14,219257.0815219,219257.081793,219257.0822996,0.7777000137139112
0,142,completed,14,219257.0816465,219257.0819506,219257.0826219,0.9753999765962362
2,142,completed,14,219257.0815471,219257.0819759,219257.0829605,1.4133999939076602
3,142,completed,14,219257.0815614,219257.0819943,219257.0832632,1.701800007140264
2,143,completed,15,219257.113242,219257.113581,219257.1140367,0.7946999976411462
0,143,completed,15,219257.1132218,219257.1135665,219257.1143881,1.1662999750114977
1,143,completed,15,219257.1132707,219257.1136415,219257.1146428,1.372099999571219
3,143,completed,15,219257.1133035,219257.1137235,219257.1148701,1.5665999962948263
2,144,completed,16,219257.1450075,219257.14533,219257.1458331,0.8256000000983477
1,144,completed,16,219257.1450322,219257.1453556,219257.146152,1.119799999287352
0,144,completed,16,219257.1450669,219257.1455105,219257.146412,1.3450999977067113
3,144,completed,16,219257.1450603,219257.1455591,219257.1467015,1.6411999822594225
2,145,completed,17,219257.1767633,219257.1770829,219257.1774976,0.7343000033870339
0,145,completed,17,219257.1767315,219257.1770462,219257.1778087,1.0772000241558999
1,145,completed,17,219257.1767117,219257.1770968,219257.1780688,1.3571000017691404
3,145,completed,17,219257.1767969,219257.1772581,219257.1783063,1.5093999973032624
0,146,completed,18,219257.2087454,219257.208999,219257.2094842,0.7387999794445932
1,146,completed,18,219257.2087213,219257.2090375,219257.2097836,1.06229999801144
3,146,completed,18,219257.208789,219257.2093007,219257.2100524,1.263400015886873
2,146,completed,18,219257.2087754,219257.2093044,219257.2103226,1.5471999940928072
2,147,completed,19,219257.2565453,219257.2568072,219257.257374,0.8286999945994467
0,147,completed,19,219257.2566243,219257.2569642,219257.2577167,1.0923999943770468
1,147,completed,19,219257.2565912,219257.2569802,219257.258008,1.4167999906931072
3,147,completed,19,219257.2566459,219257.2570356,219257.2582465,1.6005999932531267
0,148,completed,20,219257.2883354,219257.2886473,219257.2891452,0.8097999962046742
2,148,completed,20,219257.288376,219257.2886949,219257.2894732,1.0972000018227845
3,148,completed,20,219257.2883202,219257.2887023,219257.2897293,1.4091000193729997
1,148,completed,20,219257.2884578,219257.2888664,219257.2899958,1.5380000113509595
3,149,completed,21,219257.3198427,219257.3201245,219257.3206207,0.7779999868944287
1,149,completed,21,219257.3197989,219257.3201497,219257.3209512,1.1523000139277428
0,149,completed,21,219257.319887,219257.3202674,219257.3212163,1.3293000229168683
2,149,completed,21,219257.3199029,219257.3203199,219257.3215,1.5970999957062304
3,150,completed,22,219257.3521316,219257.3525549,219257.3529618,0.8302000060211867
2,150,completed,22,219257.3520997,219257.3525429,219257.353299,1.1993000225629658
0,150,completed,22,219257.3521047,219257.3525491,219257.3535406,1.4358999906107783
1,150,completed,22,219257.3520943,219257.3525221,219257.3537739,1.6795999836176634
2,151,completed,23,219257.3836026,219257.3838588,219257.3853143,1.711699995212257
0,151,completed,23,219257.3837044,219257.3841066,219257.3856323,1.9278999825473875
3,151,completed,23,219257.3836236,219257.3841763,219257.3858427,2.219099987996742
1,151,completed,23,219257.3836761,219257.3842088,219257.3860709,2.3947999870870262
0,152,completed,24,219257.4149776,219257.4153092,219257.4157787,0.8010999881662428
1,152,completed,24,219257.4149585,219257.415284,219257.416093,1.1344999948050827
2,152,completed,24,219257.4149749,219257.4152957,219257.4164086,1.4337000029627234
3,152,completed,24,219257.4152894,219257.4155176,219257.4166758,1.3863999920431525
3,153,completed,25,219257.4467549,219257.4470572,219257.4474837,0.7287999906111509
0,153,completed,25,219257.4467668,219257.4470657,219257.4478079,1.0410999821033329
2,153,completed,25,219257.4467877,219257.4471477,219257.4480542,1.266500010387972
1,153,completed,25,219257.4468448,219257.4472354,219257.4482997,1.454899989767
3,154,completed,26,219257.4783187,219257.4786303,219257.4790435,0.7247999892570078
1,154,completed,26,219257.4783327,219257.4786547,219257.4793081,0.9754000057000667
0,154,completed,26,219257.4783794,219257.4786944,219257.4795584,1.1789999844040722
2,154,completed,26,219257.478387,219257.4788058,219257.4798111,1.424099988071248
3,155,completed,27,219257.5093626,219257.5096072,219257.5100729,0.7103000243660063
2,155,completed,27,219257.5092889,219257.5096588,219257.5103201,1.0311999940313399
1,155,completed,27,219257.5092935,219257.5098416,219257.5105544,1.2608999968506396
0,155,completed,27,219257.5092966,219257.5098475,219257.5108288,1.5321999962907284
3,156,completed,28,219257.5498404,219257.5500728,219257.550592,0.7516000187024474
0,156,completed,28,219257.5497499,219257.5501102,219257.5510276,1.2777000083588064
1,156,completed,28,219257.5497726,219257.5503795,219257.5512998,1.527199987322092
2,156,completed,28,219257.5497873,219257.550404,219257.5515682,1.78089999826625
1,157,completed,29,219257.5830116,219257.5832636,219257.5838063,0.7946999976411462
0,157,completed,29,219257.5831051,219257.5833895,219257.5841017,0.9965999925043434
2,157,completed,29,219257.5830332,219257.5836334,219257.5844224,1.3891999842599034
3,157,completed,29,219257.5830458,219257.5836672,219257.5846525,1.6066999814938754
3,158,completed,30,219257.6141491,219257.6144551,219257.6149038,0.754699984099716
1,158,completed,30,219257.6142195,219257.6145241,219257.6152004,0.9808999893721193
2,158,completed,30,219257.6141502,219257.6145452,219257.6154605,1.3102999946568161
0,158,completed,30,219257.6142154,219257.6146796,219257.6156573,1.4418999780900776
3,159,completed,31,219257.6459967,219257.6463252,219257.6467773,0.780599977588281
0,159,completed,31,219257.6459607,219257.6463007,219257.6471094,1.1486999865155667
1,159,completed,31,219257.6459376,219257.6463581,219257.6473953,1.4577000110875815
2,159,completed,31,219257.6460025,219257.6464276,219257.6476747,1.6722000145819038
1,160,completed,0,219257.6778018,219257.6780572,219257.6785717,0.7699000125285238
3,160,completed,0,219257.6777951,219257.6781348,219257.6788999,1.1048000014852732
2,160,completed,0,219257.6778551,219257.6784001,219257.679123,1.2679000210482627
0,160,completed,0,219257.6778456,219257.6784089,219257.6792977,1.452099997550249
0,161,completed,1,219257.7095004,219257.7097916,219257.7103163,0.8159000135492533
2,161,completed,1,219257.7095319,219257.7098636,219257.7106501,1.1181999871041626
3,161,completed,1,219257.7095001,219257.7099072,219257.7109477,1.4475999923888594
1,161,completed,1,219257.7095789,219257.710002,219257.7112287,1.649800018640235
1,162,completed,2,219257.7409088,219257.7412455,219257.7417282,0.8193999819923192
3,162,completed,2,219257.7408958,219257.7412642,219257.7420479,1.1521000124048442
0,162,completed,2,219257.7409439,219257.7413984,219257.7423444,1.4005000120960176
2,162,completed,2,219257.7409572,219257.7414661,219257.742588,1.6307999903801829
1,163,completed,3,219257.7901516,219257.7904523,219257.7909124,0.760800001444295
3,163,completed,3,219257.7901197,219257.7904743,219257.7912324,1.11270000343211
2,163,completed,3,219257.7900948,219257.7905219,219257.7915175,1.4227000065147877
0,163,completed,3,219257.7900948,219257.7906212,219257.7917602,1.6653999919071794
1,164,completed,4,219257.8215566,219257.8219007,219257.8223771,0.8204999903682619
2,164,completed,4,219257.8215966,219257.821923,219257.822695,1.0984000109601766
0,164,completed,4,219257.8215479,219257.8219518,219257.822961,1.4130999916233122
3,164,completed,4,219257.82166,219257.8221088,219257.823255,1.5950000088196248
2,165,completed,5,219257.8536045,219257.8538896,219257.8543944,0.7898999901954085
1,165,completed,5,219257.8535981,219257.8540129,219257.8547396,1.1415000190027058
0,165,completed,5,219257.8536213,219257.8540355,219257.8550472,1.425900001777336
3,165,completed,5,219257.8536705,219257.8540877,219257.8553286,1.6581000236328691
0,166,completed,6,219257.8855047,219257.8858256,219257.8867409,1.236199983395636
3,166,completed,6,219257.8855762,219257.8859115,219257.887066,1.4897999935783446
2,166,completed,6,219257.8855118,219257.8859728,219257.8873465,1.8347000004723668
1,166,completed,6,219257.8855236,219257.8859889,219257.8876236,2.099999983329326
3,167,completed,7,219257.9172099,219257.9175031,219257.9180211,0.8111999777611345
2,167,completed,7,219257.9171979,219257.9175631,219257.9184126,1.2146999943070114
0,167,completed,7,219257.9172669,219257.917637,219257.918693,1.4261000033002347
1,167,completed,7,219257.9173172,219257.917773,219257.9189671,1.6499000194016844
1,168,completed,8,219257.9488735,219257.9491102,219257.9496335,0.7599999953527004
3,168,completed,8,219257.9489557,219257.9493363,219257.9499877,1.0320000001229346
0,168,completed,8,219257.9488985,219257.9493885,219257.9502724,1.3738999841734767
2,168,completed,8,219257.9489133,219257.9494499,219257.9505378,1.6245000006165355
3,169,completed,9,219257.9806734,219257.980956,219257.9815014,0.8280000183731318
1,169,completed,9,219257.980712,219257.9809845,219257.981809,1.0970000002998859
0,169,completed,9,219257.9806399,219257.9812321,219257.9821072,1.4672999968752265
2,169,completed,9,219257.9806399,219257.9812311,219257.9823889,1.7490000172983855
0,170,completed,10,219258.0123022,219258.0126665,219258.0131245,0.82230000407435
2,170,completed,10,219258.0123078,219258.0126805,219258.0134582,1.1503999994602054
1,170,completed,10,219258.0123398,219258.0127508,219258.0137215,1.381699985358864
3,170,completed,10,219258.0123967,219258.0127662,219258.0139764,1.5796999796293676
0,171,completed,11,219258.0442588,219258.0445271,219258.0449979,0.7391000108327717
1,171,completed,11,219258.0442865,219258.0445703,219258.0453484,1.0618999949656427
2,171,completed,11,219258.0443441,219258.0447364,219258.0456237,1.2795999937225133
3,171,completed,11,219258.0443654,219258.0447548,219258.0458796,1.5141999756451696
2,172,completed,12,219258.0750557,219258.0753235,219258.0758121,0.7563999970443547
3,172,completed,12,219258.0750718,219258.0754354,219258.0761462,1.0744000028353184
0,172,completed,12,219258.0750457,219258.0754651,219258.0764286,1.3828999944962561
1,172,completed,12,219258.0750977,219258.0754955,219258.0766933,1.5956000133883208
1,173,completed,13,219258.1217427,219258.12202,219258.1225332,0.7904999947641045
0,173,completed,13,219258.1217616,219258.1221234,219258.1228721,1.110500015784055
3,173,completed,13,219258.1218772,219258.1222078,219258.1231011,1.2239000061526895
2,173,completed,13,219258.1217824,219258.1222357,219258.1233623,1.5798999811522663
0,174,completed,14,219258.1534038,219258.1538333,219258.1543191,0.915299984626472
3,174,completed,14,219258.1534302,219258.1538634,219258.1546505,1.2202999787405133
2,174,completed,14,219258.1533794,219258.1539158,219258.1548779,1.498500001616776
1,174,completed,14,219258.1535054,219258.1540608,219258.1551414,1.636000000871718
3,175,completed,15,219258.1849908,219258.1853937,219258.1859592,0.968400010606274
1,175,completed,15,219258.1850387,219258.1854795,219258.1862659,1.2272000021766871
0,175,completed,15,219258.1850217,219258.1855529,219258.1865287,1.5070000081323087
2,175,completed,15,219258.1850393,219258.1856463,219258.1867686,1.729299983708188
0,176,completed,16,219258.2170722,219258.2174459,219258.2178773,0.8050999895203859
3,176,completed,16,219258.2171032,219258.2174809,219258.2182463,1.1431000020820647
1,176,completed,16,219258.2170814,219258.2174463,219258.2184453,1.3638999953400344
2,176,completed,16,219258.2171442,219258.2175973,219258.2187277,1.5835000085644424
2,177,completed,17,219258.2490805,219258.2493144,219258.2498313,0.7507999835070223
0,177,completed,17,219258.2491355,219258.2494801,219258.2501592,1.0236999951303005
3,177,completed,17,219258.2490733,219258.2496277,219258.2503821,1.3088000123389065
1,177,completed,17,219258.2490909,219258.2496544,219258.2506369,1.5459999849554151
3,178,completed,18,219258.2802758,219258.2806468,219258.2810522,0.7764000038150698
2,178,completed,18,219258.2802618,219258.2806297,219258.2813593,1.097499975003302
1,178,completed,18,219258.280261,219258.2806162,219258.2816167,1.3556999911088496
0,178,completed,18,219258.2803396,219258.2807544,219258.2818772,1.5376000083051622
0,179,completed,19,219258.3119153,219258.3122672,219258.3126685,0.7532000017818063
3,179,completed,19,219258.3118731,219258.312226,219258.31299,1.1169000063091516
1,179,completed,19,219258.3118933,219258.3122519,219258.3132744,1.381099980790168
2,179,completed,19,219258.3119271,219258.3123679,219258.3135738,1.6466999950353056
2,180,completed,20,219258.343367,219258.3436571,219258.3440887,0.7216999947559088
3,180,completed,20,219258.3433282,219258.3437729,219258.3444079,1.0797000140883029
0,180,completed,20,219258.3433281,219258.3437724,219258.3446416,1.313500019023195
1,180,completed,20,219258.3433691,219258.3437687,219258.3448486,1.4795000024605542
1,181,completed,21,219258.3750354,219258.3753336,219258.3757813,0.7459000044036657
2,181,completed,21,219258.3749961,219258.3753027,219258.3761485,1.1524000146891922
0,181,completed,21,219258.3749449,219258.3754662,219258.3764527,1.5078000142239034
3,181,completed,21,219258.3749474,219258.375497,219258.3767169,1.7694999987725168
2,182,completed,22,219258.42197,219258.4223152,219258.4228288,0.8587999909650534
1,182,completed,22,219258.4219985,219258.4223603,219258.4231731,1.1745999800041318
0,182,completed,22,219258.4220055,219258.4223489,219258.4234468,1.441300002625212
3,182,completed,22,219258.4220584,219258.4225212,219258.4237207,1.6622999974060804
1,183,completed,23,219258.4545118,219258.4547902,219258.4552888,0.7770000083837658
2,183,completed,23,219258.4545235,219258.4548708,219258.4556413,1.1178000131621957
3,183,completed,23,219258.4545695,219258.4549031,219258.4558933,1.3238000101409853
0,183,completed,23,219258.4545958,219258.4550342,219258.4561499,1.554100017528981
3,184,completed,24,219258.4860228,219258.4863268,219258.4868146,0.7918000046629459
2,184,completed,24,219258.4860715,219258.4864641,219258.4871213,1.0497999901417643
1,184,completed,24,219258.4861268,219258.4864697,219258.4873645,1.2376999948173761
0,184,completed,24,219258.4860385,219258.4865284,219258.4876584,1.6198999946936965
0,185,completed,25,219258.517283,219258.5176196,219258.5180064,0.7234000077005476
3,185,completed,25,219258.5173866,219258.5176724,219258.5182871,0.9005000174511224
1,185,completed,25,219258.5173201,219258.5176964,219258.518556,1.235899981111288
2,185,completed,25,219258.517369,219258.5177412,219258.5188041,1.4350999845191836
1,186,completed,26,219258.5488171,219258.5490674,219258.5494727,0.6555999862030149
2,186,completed,26,219258.548878,219258.5491289,219258.5497491,0.8710999973118305
0,186,completed,26,219258.5488404,219258.54934,219258.5499999,1.1594999814406037
3,186,completed,26,219258.5488508,219258.5493855,219258.5502573,1.406499999575317
1,187,completed,27,219258.5804568,219258.5807426,219258.5812209,0.7640999974682927
2,187,completed,27,219258.5804389,219258.5808041,219258.5815099,1.070999976946041
3,187,completed,27,219258.5804937,219258.5809133,219258.5818072,1.313500019023195
0,187,completed,27,219258.5804912,219258.5809587,219258.5820716,1.580399984959513
0,188,completed,28,219258.6119612,219258.6122448,219258.6127165,0.7553000177722424
3,188,completed,28,219258.6120112,219258.6122998,219258.6130471,1.0359000007156283
2,188,completed,28,219258.6119161,219258.6123443,219258.6133168,1.4007000136189163
1,188,completed,28,219258.6119162,219258.612422,219258.6135642,1.648000004934147
0,189,completed,29,219258.6439608,219258.6442612,219258.6447421,0.7813000120222569
2,189,completed,29,219258.6440467,219258.6443536,219258.645065,1.0182999831158668
1,189,completed,29,219258.6439808,219258.6444072,219258.6453479,1.3670999906025827
3,189,completed,29,219258.6439965,219258.6444245,219258.6456111,1.614599983440712
0,190,completed,30,219258.6755285,219258.6759152,219258.6763574,0.8288999961223453
3,190,completed,30,219258.6755113,219258.6759025,219258.6767343,1.2229999992996454
1,190,completed,30,219258.6755506,219258.6759471,219258.6770281,1.477500016335398
2,190,completed,30,219258.6756076,219258.676046,219258.677291,1.6834000125527382
3,191,completed,31,219258.7080689,219258.7083578,219258.7088653,0.7963999814819545
1,191,completed,31,219258.7080814,219258.7084506,219258.7092206,1.139200001489371
2,191,completed,31,219258.7081581,219258.7084592,219258.7095104,1.3522999943234026
0,191,completed,31,219258.7081584,219258.708602,219258.7097956,1.63720001000911
0,192,completed,0,219258.7551599,219258.7555797,219258.7559544,0.7944999961182475
2,192,completed,0,219258.7551305,219258.7555605,219258.7562857,1.1551999778021127
1,192,completed,0,219258.7551393,219258.7555687,219258.7565494,1.4100999978836626
3,192,completed,0,219258.7551114,219258.7555292,219258.7568286,1.7171999788843095
0,193,completed,1,219258.7859456,219258.7863449,219258.7867793,0.833700003568083
1,193,completed,1,219258.7859168,219258.7863926,219258.7870751,1.1583000014070421
2,193,completed,1,219258.78595,219258.7865274,219258.7873414,1.3914000010117888
3,193,completed,1,219258.7859878,219258.7865062,219258.7875866,1.5988000086508691
3,194,completed,2,219258.816982,219258.8172665,219258.8177398,0.7578000077046454
2,194,completed,2,219258.8169827,219258.817271,219258.8180844,1.1017000069841743
1,194,completed,2,219258.8170194,219258.8174741,219258.8183596,1.3401999894995242
0,194,completed,2,219258.8170393,219258.8175563,219258.8186404,1.6010999970603734
0,195,completed,3,219258.847926,219258.848187,219258.8486846,0.7586000137962401
3,195,completed,3,219258.8479588,219258.8482741,219258.8490286,1.0697999969124794
1,195,completed,3,219258.8478845,219258.848476,219258.849292,1.4075000071898103
2,195,completed,3,219258.8478845,219258.8484787,219258.8496126,1.7281000036746264
2,196,completed,4,219258.8790682,219258.8793841,219258.8798501,0.7818999874871224
3,196,completed,4,219258.8790969,219258.8794134,219258.8801627,1.0657999955583364
1,196,completed,4,219258.8791212,219258.8795453,219258.8804503,1.3290999922901392
0,196,completed,4,219258.8791543,219258.8796265,219258.8807165,1.562199991894886
0,197,completed,5,219258.9106793,219258.910992,219258.9114107,0.7314000104088336
3,197,completed,5,219258.9106551,219258.9109637,219258.9117435,1.0884000221267343
1,197,completed,5,219258.9107243,219258.911152,219258.9120261,1.3018000172451138
2,197,completed,5,219258.910743,219258.9111999,219258.9122728,1.5298000071197748
1,198,completed,6,219258.9421872,219258.9424935,219258.9430236,0.8363999950233847
3,198,completed,6,219258.9421843,219258.9425798,219258.943353,1.1687000223901123
0,198,completed,6,219258.9422629,219258.9426247,219258.9436069,1.3439999893307686
2,198,completed,6,219258.942219,219258.9426575,219258.9438967,1.6776999982539564
0,199,completed,7,219258.9883028,219258.9886512,219258.9891504,0.8476000220980495
3,199,completed,7,219258.9883035,219258.9886784,219258.9895003,1.1968000035267323
1,199,completed,7,219258.9883196,219258.9887359,219258.9897534,1.4338000037241727
2,199,completed,7,219258.9883321,219258.9888373,219258.9899965,1.664399984292686
0,200,completed,8,219259.0198488,219259.0201751,219259.0206504,0.8015999919734895
2,200,completed,8,219259.0198828,219259.0203105,219259.0209158,1.033000007737428
1,200,completed,8,219259.0198623,219259.020295,219259.0211878,1.325500023085624
3,200,completed,8,219259.0198951,219259.0203932,219259.0214635,1.5683999808970839
0,201,completed,9,219259.0512685,219259.0515267,219259.0520243,0.7557999924756587
3,201,completed,9,219259.0513519,219259.0516083,219259.0523765,1.0246000019833446
1,201,completed,9,219259.0512855,219259.0517848,219259.052672,1.3864999928046018
2,201,completed,9,219259.0513002,219259.0518178,219259.0530062,1.7060000100173056
1,202,completed,10,219259.083311,219259.0835924,219259.084118,0.8070000039879233
3,202,completed,10,219259.0834273,219259.0837571,219259.0844639,1.0366000060457736
2,202,completed,10,219259.0833594,219259.0837704,219259.0847478,1.3883999781683087
0,202,completed,10,219259.0833827,219259.083821,219259.0850146,1.6318999987561256
2,203,completed,11,219259.1154024,219259.1157531,219259.1161868,0.7844000065233558
0,203,completed,11,219259.1153858,219259.1157368,219259.1165482,1.1624000035226345
1,203,completed,11,219259.1154756,219259.1157885,219259.1168005,1.3248999894130975
3,203,completed,11,219259.1154193,219259.1158668,219259.1170187,1.5993999841157347
2,204,completed,12,219259.1467566,219259.1476442,219259.1480417,1.2851000064983964
0,204,completed,12,219259.1467563,219259.1476844,219259.1482868,1.5304999833460897
3,204,completed,12,219259.1468608,219259.1476992,219259.148565,1.7041999963112175
1,204,completed,12,219259.1468077,219259.1476817,219259.1488504,2.042700012680143
0,205,completed,13,219259.1783902,219259.1786949,219259.1791155,0.725300022168085
1,205,completed,13,219259.1784167,219259.1787189,219259.1794115,0.9948000079020858
3,205,completed,13,219259.1783535,219259.178719,219259.1797097,1.3561999949160963
2,205,completed,13,219259.1784271,219259.1788444,219259.1799488,1.5217000036500394
3,206,completed,14,219259.2103592,219259.2107083,219259.211231,0.8718000026419759
0,206,completed,14,219259.2103777,219259.2106998,219259.2115731,1.195400021970272
2,206,completed,14,219259.2104668,219259.2108397,219259.2118757,1.408900017850101
1,206,completed,14,219259.2104562,219259.2109145,219259.2121438,1.6875999863259494
2,207,completed,15,219259.2413829,219259.2417332,219259.2423062,0.923299987334758
0,207,completed,15,219259.2413474,219259.2418198,219259.2426753,1.3278999831527472
3,207,completed,15,219259.2413285,219259.2417958,219259.2429259,1.5973999979905784
1,207,completed,15,219259.2413816,219259.2418561,219259.2432115,1.829899993026629
2,208,completed,16,219259.2873573,219259.2876962,219259.2881357,0.7783999899402261
3,208,completed,16,219259.2873249,219259.287666,219259.2884994,1.1744999792426825
0,208,completed,16,219259.2873403,219259.2877839,219259.2887976,1.4572999789379537
1,208,completed,16,219259.2873247,219259.2878415,219259.2890874,1.7626999760977924
1,209,completed,17,219259.3186379,219259.3189327,219259.3194679,0.830000004498288
0,209,completed,17,219259.3186716,219259.3189919,219259.3198765,1.2049000069964677
3,209,completed,17,219259.3187183,219259.3191224,219259.3202289,1.5106000064406544
2,209,completed,17,219259.3186865,219259.3191482,219259.3204933,1.8068000208586454
0,210,completed,18,219259.3505262,219259.3508985,219259.3513663,0.8400999940931797
1,210,completed,18,219259.3505259,219259.3509397,219259.3516526,1.1266999936196953
3,210,completed,18,219259.350601,219259.3509827,219259.3519288,1.3277999823912978
2,210,completed,18,219259.3505445,219259.3509308,219259.3521604,1.615900022443384
0,211,completed,19,219259.3825149,219259.3827798,219259.383214,0.6990999972913414
2,211,completed,19,219259.3825353,219259.3828183,219259.3835319,0.9965999925043434
1,211,completed,19,219259.3825734,219259.3829686,219259.3837957,1.2222999939695
3,211,completed,19,219259.3825935,219259.3830287,219259.3840514,1.4579000126104802
0,212,completed,20,219259.4134744,219259.4137345,219259.4142518,0.7773999823257327
3,212,completed,20,219259.4135582,219259.4138262,219259.414577,1.0187999869231135
1,212,completed,20,219259.4134424,219259.4139295,219259.4148165,1.3741000148002058
2,212,completed,20,219259.4134424,219259.4139969,219259.4150634,1.6210000030696392
1,213,completed,21,219259.4456182,219259.4459037,219259.4464032,0.7850000110920519
2,213,completed,21,219259.4456346,219259.4460281,219259.4467288,1.0941999789793044
0,213,completed,21,219259.4456609,219259.4460874,219259.4469799,1.3190000026952475
3,213,completed,21,219259.4456728,219259.4461754,219259.4472126,1.5397999959532171
0,214,completed,22,219259.4781915,219259.4785959,219259.4790942,0.9027000050991774
2,214,completed,22,219259.4782749,219259.4787404,219259.4793933,1.1183999886270612
1,214,completed,22,219259.4782016,219259.4787994,219259.4796658,1.4642000023741275
3,214,completed,22,219259.4782001,219259.4788406,219259.4799257,1.725599984638393
2,215,completed,23,219259.5096957,219259.5099932,219259.5104944,0.7986999989952892
0,215,completed,23,219259.5097295,219259.5100546,219259.5108819,1.1524000146891922
3,215,completed,23,219259.509705,219259.5101178,219259.5111746,1.4695999852847308
1,215,completed,23,219259.5097694,219259.510191,219259.5114405,1.671100006205961
1,216,completed,24,219259.5414887,219259.541767,219259.542215,0.7263000006787479
2,216,completed,24,219259.5414349,219259.5418015,219259.5424683,1.0334000107832253
3,216,completed,24,219259.5415286,219259.5418677,219259.5427764,1.2477999844122678
0,216,completed,24,219259.5414647,219259.5419379,219259.5430693,1.6045999946072698
2,217,completed,25,219259.5877846,219259.5880591,219259.5885359,0.751299987314269
3,217,completed,25,219259.5878131,219259.588127,219259.588844,1.0309000208508223
1,217,completed,25,219259.5878465,219259.5882305,219259.5891356,1.289099978748709
0,217,completed,25,219259.587884,219259.5882973,219259.5893767,1.492699986556545
3,218,completed,26,219259.6192552,219259.6195547,219259.6200197,0.7645000005140901
2,218,completed,26,219259.6192448,219259.6196052,219259.6203774,1.1325999803375453
0,218,completed,26,219259.6192982,219259.6196012,219259.6207731,1.4748999965377152
1,218,completed,26,219259.6193401,219259.6197563,219259.6210534,1.7133000073954463
0,219,completed,27,219259.6509425,219259.6512431,219259.651713,0.7704999879933894
3,219,completed,27,219259.6509764,219259.6512871,219259.6520526,1.076199987437576
2,219,completed,27,219259.6510127,219259.6514399,219259.6523394,1.3267000031191856
1,219,completed,27,219259.6510031,219259.6514346,219259.6525739,1.570799999171868
3,220,completed,28,219259.6816742,219259.6819833,219259.6824813,0.8071000047493726
0,220,completed,28,219259.6816942,219259.6821654,219259.6827944,1.1001999955624342
1,220,completed,28,219259.681737,219259.682153,219259.6830872,1.350200007436797
2,220,completed,28,219259.6817082,219259.6821725,219259.6833609,1.6527000116184354
3,221,completed,29,219259.7122798,219259.7125379,219259.7130574,0.7775999838486314
1,221,completed,29,219259.7123493,219259.7127319,219259.7133999,1.050599996233359
2,221,completed,29,219259.7122722,219259.712744,219259.7136479,1.3756999978795648
0,221,completed,29,219259.712298,219259.7128173,219259.7139098,1.6117999912239611
1,222,completed,30,219259.7439933,219259.7442876,219259.7447802,0.7868999964557588
3,222,completed,30,219259.7440555,219259.7444326,219259.7451014,1.045900018652901
2,222,completed,30,219259.744006,219259.7444661,219259.7453941,1.3881000049877912
0,222,completed,30,219259.744016,219259.7444709,219259.7456493,1.6332999803125858
0,223,completed,31,219259.7756201,219259.7759818,219259.7764547,0.8346000104211271
2,223,completed,31,219259.7756395,219259.7760157,219259.7768146,1.1750999838113785
3,223,completed,31,219259.7756202,219259.7759926,219259.7771334,1.5131999971345067
1,223,completed,31,219259.7756562,219259.7761224,219259.7774045,1.7482999828644097
2,224,completed,0,219259.823495,219259.8238901,219259.8243615,0.8665000204928219
3,224,completed,0,219259.8235308,219259.8239306,219259.8246569,1.1260999890509993
0,224,completed,0,219259.8235115,219259.8239451,219259.8249093,1.3977999915368855
1,224,completed,0,219259.8234869,219259.8239963,219259.8251684,1.6815000271890312
3,225,completed,1,219259.8550388,219259.8553444,219259.8558119,0.7731000077910721
1,225,completed,1,219259.8550824,219259.8553998,219259.8561459,1.063500007148832
0,225,completed,1,219259.8550205,219259.8554468,219259.8564701,1.4496000076178461
2,225,completed,1,219259.8550433,219259.8555366,219259.8567364,1.6930999991018325
2,226,completed,2,219259.8856909,219259.8859564,219259.8864475,0.7565999985672534
3,226,completed,2,219259.8857293,219259.8861272,219259.8867134,0.9840999846346676
1,226,completed,2,219259.8857005,219259.8861216,219259.8869231,1.2226000253576785
0,226,completed,2,219259.8857627,219259.8862194,219259.8871804,1.4176999975461513
3,227,completed,3,219259.9171751,219259.9174775,219259.9179637,0.7885999802965671
0,227,completed,3,219259.9172677,219259.9175637,219259.9182819,1.0142000101041049
2,227,completed,3,219259.917192,219259.9177154,219259.9185686,1.3766000047326088
1,227,completed,3,219259.9172065,219259.9177808,219259.9188198,1.6133000026457012
0,228,completed,4,219259.9484347,219259.9487578,219259.949271,0.8362999942619354
1,228,completed,4,219259.9484605,219259.9487893,219259.9496328,1.172300020698458
2,228,completed,4,219259.9484841,219259.9489345,219259.949932,1.4478999946732074
3,228,completed,4,219259.9484983,219259.9489503,219259.9501754,1.6771000227890909
0,229,completed,5,219259.979703,219259.9799669,219259.9804616,0.7586000137962401
3,229,completed,5,219259.9797806,219259.9800345,219259.9807851,1.00449999445118
2,229,completed,5,219259.9797333,219259.9803056,219259.9810375,1.3042000064160675
1,229,completed,5,219259.9797224,219259.9802957,219259.9812913,1.568900013808161
3,230,completed,6,219260.0148636,219260.0151417,219260.0156745,0.810900004580617
1,230,completed,6,219260.0149409,219260.015235,219260.0160649,1.1240000021643937
0,230,completed,6,219260.0148557,219260.0153151,219260.0163334,1.4777000178582966
2,230,completed,6,219260.0148775,219260.0153875,219260.0165646,1.6870999825187027
1,231,completed,7,219260.0463587,219260.0466225,219260.0470633,0.7046000100672245
3,231,completed,7,219260.0463374,219260.0466901,219260.0474114,1.073999999789521
0,231,completed,7,219260.0464149,219260.0467646,219260.0476999,1.285000005736947
2,231,completed,7,219260.0463675,219260.0468542,219260.0479873,1.6197999939322472
0,232,completed,8,219260.0781825,219260.0785624,219260.0789854,0.8029000018723309
3,232,completed,8,219260.0782471,219260.0785571,219260.0793082,1.061099988874048
1,232,completed,8,219260.0782236,219260.0786548,219260.0796226,1.3990000006742775
2,232,completed,8,219260.0782679,219260.078688,219260.0799155,1.6476000018883497
2,233,completed,9,219260.1097824,219260.1100813,219260.1105642,0.7818000158295035
3,233,completed,9,219260.1097651,219260.1101775,219260.1108704,1.10530000529252
0,233,completed,9,219260.1098121,219260.1102259,219260.1111405,1.3283999869599938
1,233,completed,9,219260.1098226,219260.1102894,219260.1113958,1.5731999883428216
0,234,completed,10,219260.1415353,219260.1418787,219260.1423321,0.7967999845277518
1,234,completed,10,219260.1415474,219260.1419348,219260.1426687,1.1212999816052616
3,234,completed,10,219260.1415588,219260.1419487,219260.1429594,1.4005999837536365
2,234,completed,10,219260.1415958,219260.1420559,219260.143201,1.6051999991759658
0,235,completed,11,219260.1746012,219260.1749508,219260.175425,0.8237999863922596
3,235,completed,11,219260.1746486,219260.1750162,219260.1757542,1.105600007576868
2,235,completed,11,219260.1746114,219260.1749659,219260.1760184,1.4070000033825636
1,235,completed,11,219260.1746851,219260.1751392,219260.1762836,1.5985000063665211
0,236,completed,12,219260.2199213,219260.2202725,219260.2207318,0.8104999724309891
3,236,completed,12,219260.2199266,219260.2202839,219260.2210869,1.1603000166360289
1,236,completed,12,219260.2200052,219260.2203521,219260.2213995,1.3942999939899892
2,236,completed,12,219260.2199435,219260.2204122,219260.2217264,1.7828999843914062
3,237,completed,13,219260.2513383,219260.2516595,219260.2522751,0.9368000028189272
1,237,completed,13,219260.2512975,219260.2517411,219260.2526353,1.3378000003285706
2,237,completed,13,219260.2513764,219260.2518126,219260.2528669,1.49049999890849
0,237,completed,13,219260.2512976,219260.251854,219260.2531396,1.8419999978505075
0,238,completed,14,219260.2829933,219260.2832931,219260.2837634,0.770099984947592
3,238,completed,14,219260.2830232,219260.2833735,219260.2841036,1.0803999903146178
1,238,completed,14,219260.2831019,219260.2834555,219260.2843699,1.268000021809712
2,238,completed,14,219260.2830764,219260.283492,219260.2845808,1.5044000174384564
0,239,completed,15,219260.3148902,219260.3151466,219260.3156787,0.7884999795351177
2,239,completed,15,219260.3148896,219260.315243,219260.3160209,1.1312999995425344
1,239,completed,15,219260.3149138,219260.3154713,219260.3163303,1.4165000175125897
3,239,completed,15,219260.3149248,219260.3155334,219260.3166428,1.7179999849759042
2,240,completed,16,219260.3461698,219260.3466112,219260.3470614,0.8916000078897923
1,240,completed,16,219260.3461697,219260.3466316,219260.3474056,1.2359000102151185
0,240,completed,16,219260.346207,219260.346705,219260.3477071,1.5001000137999654
3,240,completed,16,219260.3462158,219260.3467395,219260.3479875,1.7716999864205718
0,241,completed,17,219260.378108,219260.378514,219260.3790467,0.9386999881826341
1,241,completed,17,219260.3780771,219260.3784565,219260.3794755,1.3983999961055815
3,241,completed,17,219260.3781218,219260.3785782,219260.3797935,1.6717000107746571
2,241,completed,17,219260.3781188,219260.3787773,219260.3801048,1.9859999883919954
1,242,completed,18,219260.4084357,219260.4087939,219260.4093372,0.9014999959617853
2,242,completed,18,219260.4084859,219260.4088002,219260.4096978,1.2119000020902604
3,242,completed,18,219260.408413,219260.4089982,219260.4100226,1.6096000035759062
0,242,completed,18,219260.408417,219260.4090239,219260.4103189,1.901899988297373
3,243,completed,19,219260.4414152,219260.4417149,219260.442302,0.8868000004440546
0,243,completed,19,219260.4413842,219260.4416855,219260.4427208,1.3365999911911786
1,243,completed,19,219260.4413886,219260.4419062,219260.4429954,1.6067999822553247
2,243,completed,19,219260.4414208,219260.4419988,219260.4432779,1.8570999964140356
2,244,completed,20,219260.4865098,219260.4868129,219260.4872788,0.7690000056754798
1,244,completed,20,219260.4865106,219260.4868906,219260.4876049,1.0943000088445842
3,244,completed,20,219260.4864434,219260.4868589,219260.4878653,1.421900000423193
0,244,completed,20,219260.4864941,219260.4870164,219260.4881225,1.6284000012092292
0,245,completed,21,219260.5203702,219260.5206652,219260.521188,0.8177999989129603
2,245,completed,21,219260.5204238,219260.5208348,219260.5215079,1.0841000184882432
3,245,completed,21,219260.520372,219260.5208525,219260.5217436,1.3715999957639724
1,245,completed,21,219260.5204717,219260.5209009,219260.5219946,1.5229000127874315
1,246,completed,22,219260.5542615,219260.5545429,219260.5550599,0.7984000258147717
2,246,completed,22,219260.5542381,219260.5545225,219260.5553656,1.12749999971129
3,246,completed,22,219260.554223,219260.5548091,219260.5555917,1.3686999736819416
0,246,completed,22,219260.5542394,219260.5548129,219260.5558099,1.57049999688752
0,247,completed,23,219260.5884048,219260.5888026,219260.589276,0.8712000271771103
1,247,completed,23,219260.5884189,219260.5888393,219260.5896849,1.2660000065807253
2,247,completed,23,219260.5883953,219260.5887853,219260.5899188,1.523499988252297
3,247,completed,23,219260.5883884,219260.5889063,219260.5901382,1.7497999942861497
2,248,completed,24,219260.6218523,219260.6222368,219260.622638,0.7856999873183668
0,248,completed,24,219260.6218519,219260.6222295,219260.6229201,1.06819998472929
3,248,completed,24,219260.6218548,219260.6222297,219260.6231985,1.3436999870464206
1,248,completed,24,219260.6219252,219260.6223911,219260.6234716,1.546400017105043
2,249,completed,25,219260.6544386,219260.6555433,219260.6562318,1.793200004613027
0,249,completed,25,219260.6544592,219260.6556434,219260.6565647,2.105499996105209
3,249,completed,25,219260.6544392,219260.6557059,219260.6568662,2.426999999443069
1,249,completed,25,219260.6544399,219260.6557769,219260.6571125,2.672599977813661
0,250,completed,26,219260.688614,219260.6890624,219260.6894584,0.8443999977316707
2,250,completed,26,219260.6885821,219260.6890432,219260.6897336,1.1515000078361481
3,250,completed,26,219260.6885817,219260.6890592,219260.6899297,1.3479999906849116
1,250,completed,26,219260.6886259,219260.6890716,219260.6901876,1.5617000171914697
0,251,completed,27,219260.7209119,219260.7212329,219260.7217363,0.8244000200647861
2,251,completed,27,219260.7209809,219260.7213424,219260.7220912,1.1103000142611563
3,251,completed,27,219260.7209305,219260.7212409,219260.7223749,1.444399997126311
1,251,completed,27,219260.721011,219260.7214168,219260.7226438,1.6328000056091696
1,252,completed,28,219260.7533206,219260.753632,219260.7540492,0.7286000181920826
2,252,completed,28,219260.7532599,219260.7536555,219260.7543615,1.101600006222725
3,252,completed,28,219260.7532543,219260.7535655,219260.7546102,1.3558999926317483
0,252,completed,28,219260.753335,219260.7537238,219260.7548605,1.5255000034812838
3,253,completed,29,219260.7869042,219260.7872584,219260.7876958,0.7916000031400472
1,253,completed,29,219260.7869522,219260.787303,219260.7880084,1.0562000097706914
0,253,completed,29,219260.7869163,219260.7872608,219260.7882833,1.3669999898411334
2,253,completed,29,219260.7869714,219260.7873942,219260.7885829,1.611499988939613
2,254,completed,30,219260.8203673,219260.8206868,219260.8211154,0.7480999920517206
3,254,completed,30,219260.8203132,219260.8207611,219260.8214381,1.1249000090174377
0,254,completed,30,219260.8203492,219260.8207463,219260.8218437,1.494500000262633
1,254,completed,30,219260.8203131,219260.8207653,219260.8221227,1.809599983971566
2,255,completed,31,219260.8545482,219260.8548004,219260.8552332,0.6850000063423067
0,255,completed,31,219260.8545177,219260.8547581,219260.8555902,1.072499988367781
3,255,completed,31,219260.8545861,219260.8551168,219260.8559326,1.346500008367002
1,255,completed,31,219260.8545759,219260.8551094,219260.8562443,1.668399985646829
1,256,completed,0,219260.8875028,219260.8877978,219260.8882105,0.7077000045683235
2,256,completed,0,219260.8875025,219260.8877691,219260.8885717,1.0691999923437834
0,256,completed,0,219260.8874516,219260.8880028,219260.8888592,1.4076000079512596
3,256,completed,0,219260.8874516,219260.8880028,219260.8891483,1.6966999974101782
3,257,completed,1,219260.9211828,219260.9214348,219260.9224734,1.290599990170449
0,257,completed,1,219260.9211828,219260.9215615,219260.9228753,1.6924999945331365
2,257,completed,1,219260.9212592,219260.9216271,219260.9232002,1.9409999949857593
1,257,completed,1,219260.9212012,219260.9216469,219260.9234695,2.2683000133838505
0,258,completed,2,219260.9559894,219260.9563505,219260.9567897,0.8002999820746481
2,258,completed,2,219260.9559891,219260.9563534,219260.9571263,1.1371999862603843
1,258,completed,2,219260.9560466,219260.9564391,219260.9574393,1.3926999818067998
3,258,completed,2,219260.9560421,219260.9565374,219260.9577307,1.6885999939404428
0,259,completed,3,219260.974123,219260.9743118,219260.9749435,0.8205000194720924
3,259,completed,3,219260.9743717,219260.9747245,219260.9752699,0.8981999999377877
1,259,completed,3,219260.9743425,219260.974708,219260.9754957,1.1531999916769564
2,259,completed,3,219260.9743215,219260.9748463,219260.9757536,1.4321000198833644
0,260,completed,4,219261.0071741,219261.0074593,219261.0080403,0.8661999891046435
3,260,completed,4,219261.0072478,219261.0075516,219261.0084539,1.2060999870300293
2,260,completed,4,219261.0071821,219261.0078638,219261.0087551,1.572999986819923
1,260,completed,4,219261.0071738,219261.007883,219261.0090225,1.8486999906599522
1,261,completed,5,219261.0402569,219261.0405119,219261.0409166,0.6596999883186072
2,261,completed,5,219261.040242,219261.0404888,219261.0412454,1.0034000151790679
0,261,completed,5,219261.0557492,219261.0560074,219261.056515,0.7658000104129314
3,261,completed,5,219261.0557782,219261.056029,219261.0568306,1.0523999808356166
3,262,completed,6,219261.0739293,219261.0741622,219261.0745888,0.6594999867957085
0,262,completed,6,219261.0739488,219261.074188,219261.0749489,1.0000999900512397
1,262,completed,6,219261.0891208,219261.0893344,219261.0897717,0.6509000086225569
2,262,completed,6,219261.0891012,219261.0893799,219261.0901075,1.0063000081572682
1,263,completed,7,219261.1075978,219261.1078466,219261.1082483,0.6505000055767596
2,263,completed,7,219261.1076113,219261.1078603,219261.1088437,1.2324000126682222
3,263,completed,7,219261.1235021,219261.1237654,219261.1241629,0.6607999966945499
0,263,completed,7,219261.1234951,219261.1237594,219261.1244902,0.9950999810826033
2,264,completed,8,219261.1408473,219261.1410691,219261.1415488,0.701499986462295
0,264,completed,8,219261.140795,219261.1412372,219261.1418819,1.0868999816011637
1,264,completed,8,219261.140795,219261.1413017,219261.1421538,1.3587999856099486
3,264,completed,8,219261.1561868,219261.1564339,219261.1568575,0.6706999847665429
1,265,completed,9,219261.1891729,219261.189555,219261.190019,0.8461000106763095
2,265,completed,9,219261.1891688,219261.1895599,219261.1903873,1.2185000232420862
3,265,completed,9,219261.1891988,219261.1895888,219261.1906653,1.4664999907836318
0,265,completed,9,219261.189232,219261.1896675,219261.190904,1.6719999839551747
0,266,completed,10,219261.2216724,219261.2220195,219261.2225793,0.9069000079762191
2,266,completed,10,219261.2217532,219261.2221586,219261.2229925,1.2393000070005655
1,266,completed,10,219261.2216992,219261.2221286,219261.2232877,1.5885000175330788
3,266,completed,10,219261.2216935,219261.2221554,219261.2235421,1.8485999898985028
3,267,completed,11,219261.2542521,219261.2544799,219261.2549926,0.7404999923892319
0,267,completed,11,219261.2543262,219261.2546285,219261.2553718,1.045600016368553
2,267,completed,11,219261.2543086,219261.2546788,219261.2556536,1.344999996945262
1,267,completed,11,219261.2543706,219261.2547406,219261.2559532,1.582599972607568
1,268,completed,12,219261.2872839,219261.2875684,219261.2880306,0.7467000104952604
2,268,completed,12,219261.2872746,219261.2875776,219261.2883419,1.0673000069800764
0,268,completed,12,219261.2873326,219261.2877465,219261.2885748,1.2421999999787658
3,268,completed,12,219261.2873236,219261.2877442,219261.2888337,1.5101000026334077
0,269,completed,13,219261.3201845,219261.3205013,219261.3209449,0.7604000275023282
2,269,completed,13,219261.3202042,219261.3205147,219261.3212667,1.0624999995343387
1,269,completed,13,219261.3201627,219261.3205453,219261.3215369,1.3742000155616552
3,269,completed,13,219261.3202526,219261.3206615,219261.3218118,1.5591999981552362
3,270,completed,14,219261.3407556,219261.3409315,219261.3413274,0.571800017496571
0,270,completed,14,219261.3548954,219261.3552158,219261.3555959,0.7005000079516321
1,270,completed,14,219261.3550118,219261.3552659,219261.3558568,0.8449999731965363
2,270,completed,14,219261.3548954,219261.3552565,219261.3560932,1.1978000111412257
3,271,completed,15,219261.3884211,219261.3887446,219261.3893069,0.8857999928295612
0,271,completed,15,219261.388437,219261.3888713,219261.3897322,1.2952000251971185
1,271,completed,15,219261.3885233,219261.3889524,219261.3900214,1.4980999985709786
2,271,completed,15,219261.3884768,219261.3889929,219261.3902607,1.7838999920058995
2,272,completed,16,219261.4219451,219261.4223676,219261.4234044,1.4592999941669405
3,272,completed,16,219261.4219453,219261.42233,219261.4237387,1.7933999770320952
1,272,completed,16,219261.4219716,219261.4223953,219261.4240387,2.067099994746968
0,272,completed,16,219261.4220186,219261.4224324,219261.4243215,2.302900014910847
0,273,completed,17,219261.4548458,219261.4551568,219261.4556178,0.7719999994151294
3,273,completed,17,219261.4548412,219261.4551612,219261.4559344,1.0932000004686415
2,273,completed,17,219261.4548762,219261.4552655,219261.4562005,1.3242999848444015
1,273,completed,17,219261.4549112,219261.4553647,219261.4564439,1.5327000000979751
2,274,completed,18,219261.487944,219261.4882329,219261.4887887,0.8447000000160187
3,274,completed,18,219261.4879133,219261.4883046,219261.4891027,1.1894000053871423
0,274,completed,18,219261.4879881,219261.4883613,219261.4893612,1.373099978081882
1,274,completed,18,219261.4880117,219261.4884644,219261.4896404,1.6286999743897468
2,275,completed,19,219261.5216949,219261.5219784,219261.5225401,0.8452000038232654
0,275,completed,19,219261.5217165,219261.5219875,219261.5228984,1.181900006486103
3,275,completed,19,219261.5217783,219261.5223257,219261.523236,1.4577000110875815
1,275,completed,19,219261.521781,219261.5223523,219261.5235312,1.750199997331947
1,276,completed,20,219261.5552725,219261.5555856,219261.5560377,0.7652000058442354
0,276,completed,20,219261.5552582,219261.5555687,219261.5563807,1.1224999907426536
3,276,completed,20,219261.5553378,219261.5557653,219261.556632,1.2941999884787947
2,276,completed,20,219261.5553141,219261.5557096,219261.55689,1.5759000089019537
0,277,completed,21,219261.5876868,219261.5879761,219261.5884782,0.7914000016171485
2,277,completed,21,219261.5877294,219261.588046,219261.5888239,1.094500010367483
1,277,completed,21,219261.58771,219261.5880946,219261.5891169,1.4069000026211143
3,277,completed,21,219261.5877723,219261.5881966,219261.5893813,1.6089999990072101
2,278,completed,22,219261.621679,219261.6219751,219261.6224332,0.7542000093962997
0,278,completed,22,219261.6216963,219261.6219926,219261.6227891,1.0927999974228442
1,278,completed,22,219261.6217099,219261.6221204,219261.6232445,1.534599985461682
3,278,completed,22,219261.6217254,219261.622201,219261.6235187,1.7933000053744763
2,279,completed,23,219261.6418569,219261.6421157,219261.6426791,0.8222000033129007
1,279,completed,23,219261.6418615,219261.64226,219261.6430645,1.2030000216327608
0,279,completed,23,219261.6417883,219261.6423235,219261.6433965,1.6081999929156154
3,279,completed,23,219261.6417883,219261.6423167,219261.6436602,1.8718999926932156
0,280,completed,24,219261.6753444,219261.6757071,219261.67622,0.8756000024732202
2,280,completed,24,219261.6753448,219261.6756734,219261.6765264,1.181600004201755
3,280,completed,24,219261.6754091,219261.6757765,219261.676806,1.396900013787672
1,280,completed,24,219261.6754046,219261.6758523,219261.6770686,1.6639999812468886
2,281,completed,25,219261.7083678,219261.708732,219261.7092547,0.8869000012055039
0,281,completed,25,219261.7082953,219261.7087474,219261.7096259,1.3306000037118793
3,281,completed,25,219261.7083344,219261.7087311,219261.7099011,1.5666999970562756
1,281,completed,25,219261.7083348,219261.7088364,219261.7101137,1.7789000121410936
0,282,completed,26,219261.7419079,219261.7421779,219261.7427563,0.8483999990858138
3,282,completed,26,219261.7419733,219261.7422817,219261.7431039,1.130599994212389
1,282,completed,26,219261.7419321,219261.7425595,219261.7434087,1.4765999803785235
2,282,completed,26,219261.7419403,219261.742569,219261.7436757,1.735400001052767
3,283,completed,27,219261.7750755,219261.7754221,219261.775983,0.9075000125449151
1,283,completed,27,219261.7751108,219261.7754862,219261.7763111,1.2003000010736287
2,283,completed,27,219261.7751215,219261.7755233,219261.7765555,1.4340000052470714
0,283,completed,27,219261.7751502,219261.7756095,219261.7768224,1.6721999854780734
3,284,completed,28,219261.8073304,219261.8075838,219261.8081736,0.8431999885942787
0,284,completed,28,219261.807387,219261.8078076,219261.8085009,1.1138999834656715
2,284,completed,28,219261.8073437,219261.8078808,219261.808722,1.378299988573417
1,284,completed,28,219261.8073371,219261.8079502,219261.808965,1.6278999974019825
0,285,completed,29,219261.8419442,219261.8422871,219261.8428445,0.9003000159282237
2,285,completed,29,219261.841994,219261.8423084,219261.843151,1.1570000206120312
3,285,completed,29,219261.8419444,219261.8424201,219261.8434214,1.4770000125281513
1,285,completed,29,219261.8419983,219261.8426351,219261.8437309,1.732600008836016
0,286,completed,30,219261.8892187,219261.8895416,219261.8899641,0.745400000596419
3,286,completed,30,219261.8891591,219261.8894841,219261.8903191,1.1599999852478504
1,286,completed,30,219261.8891475,219261.8896055,219261.8906255,1.4779999910388142
2,286,completed,30,219261.889175,219261.8896502,219261.8908681,1.6930999991018325
3,287,completed,31,219261.9219385,219261.9222741,219261.9227971,0.8586000185459852
2,287,completed,31,219261.9219543,219261.9222987,219261.923949,1.9946999964304268
1,287,completed,31,219261.9219915,219261.9224233,219261.9242517,2.2601999808102846
0,287,completed,31,219261.9220346,219261.9225247,219261.92455,2.5154000031761825
2,288,completed,0,219261.9558598,219261.9562056,219261.9566762,0.8164000173565
1,288,completed,0,219261.955837,219261.9562608,219261.9569953,1.1583000014070421
0,288,completed,0,219261.9558365,219261.9562717,219261.9572874,1.450899988412857
3,288,completed,0,219261.9559541,219261.9563749,219261.9575557,1.60160000086762
3,289,completed,1,219261.9859095,219261.9862639,219261.9867188,0.8092999923974276
2,289,completed,1,219261.9859247,219261.9863057,219261.9870332,1.1085000005550683
0,289,completed,1,219261.9858623,219261.98637,219261.9872885,1.426200004061684
1,289,completed,1,219261.9858623,219261.9863887,219261.9875729,1.7105999868363142
1,290,completed,2,219262.0174786,219262.017822,219262.0183195,0.8409000001847744
3,290,completed,2,219262.0174933,219262.0178526,219262.0186524,1.1591000074986368
2,290,completed,2,219262.0175272,219262.0178882,219262.0189189,1.3917000032961369
0,290,completed,2,219262.0175617,219262.0179973,219262.0191791,1.6174000047612935
2,291,completed,3,219262.0490945,219262.0494445,219262.0498926,0.7980999944265932
3,291,completed,3,219262.0491079,219262.0494853,219262.0502139,1.1059999815188348
1,291,completed,3,219262.0491315,219262.0495203,219262.0504557,1.3241999840829521
0,291,completed,3,219262.0490946,219262.0495744,219262.0506866,1.5920000150799751
0,292,completed,4,219262.0803276,219262.0807183,219262.0811644,0.836799998069182
2,292,completed,4,219262.0803074,219262.0806767,219262.0814903,1.1829000141005963
1,292,completed,4,219262.0803291,219262.0807221,219262.0817065,1.3774000108242035
3,292,completed,4,219262.0803291,219262.0808057,219262.0819195,1.5904000028967857
3,293,completed,5,219262.1113699,219262.1116796,219262.1121852,0.8153000089805573
0,293,completed,5,219262.1113535,219262.1117715,219262.1124915,1.1380000214558095
1,293,completed,5,219262.1114083,219262.1117205,219262.112807,1.3986999983899295
2,293,completed,5,219262.111446,219262.1118608,219262.1130812,1.6351999947801232
3,294,completed,6,219262.1423752,219262.1426923,219262.1431983,0.8231000101659447
2,294,completed,6,219262.1423943,219262.1428003,219262.1435214,1.1270999966654927
0,294,completed,6,219262.1424399,219262.1427984,219262.1437501,1.3101999938953668
1,294,completed,6,219262.1424671,219262.1428512,219262.1440011,1.5340000099968165
2,295,completed,7,219262.1897334,219262.1899982,219262.1906596,0.9261999803129584
0,295,completed,7,219262.1897082,219262.1900974,219262.1910005,1.2923000031150877
3,295,completed,7,219262.1897676,219262.1901632,219262.1912933,1.5257000050041825
1,295,completed,7,219262.1898013,219262.1901906,219262.1915425,1.7411999870091677
3,296,completed,8,219262.2206428,219262.2210376,219262.2215263,0.8835000044200569
2,296,completed,8,219262.2206432,219262.2210372,219262.221881,1.2377999955788255
1,296,completed,8,219262.2206704,219262.2210736,219262.2221642,1.4937999949324876
0,296,completed,8,219262.2207115,219262.2211117,219262.2224502,1.7386999970767647
2,297,completed,9,219262.2514207,219262.2517378,219262.2521994,0.7787000213284045
0,297,completed,9,219262.251462,219262.251788,219262.2524923,1.0303000162821263
3,297,completed,9,219262.2514105,219262.2518518,219262.252752,1.3414999993983656
1,297,completed,9,219262.2514333,219262.2519596,219262.2530025,1.5691999869886786
1,298,completed,10,219262.2827363,219262.2830464,219262.2835069,0.7706000178586692
2,298,completed,10,219262.2827618,219262.2831491,219262.2837793,1.0175000061281025
3,298,completed,10,219262.2827469,219262.2832056,219262.2840452,1.2983000196982175
0,298,completed,10,219262.2827468,219262.2832442,219262.2843231,1.576300011947751
0,299,completed,11,219262.3135256,219262.3138015,219262.3142584,0.7327999919652939
3,299,completed,11,219262.3134857,219262.3138008,219262.3145807,1.0950000141747296
2,299,completed,11,219262.3134263,219262.3139823,219262.3148101,1.3838000013493001
1,299,completed,11,219262.3134262,219262.3139823,219262.3150212,1.5949999797157943
