camera,seq,status,capture_s,enqueue_s,finish_s,latency_ms
1,0,completed,89144.2271803,89144.2274657,89144.2284008,1.2204999948153272
0,0,completed,89144.2271977,89144.2275344,89144.2287539,1.5561999898636714
1,1,completed,89144.4189949,89144.419307,89144.4197809,0.78600000415463
0,1,completed,89144.4189947,89144.4192987,89144.4201479,1.1532000062288716
1,2,completed,89144.6244109,89144.6247328,89144.6251854,0.7745000038994476
0,2,completed,89144.6244098,89144.6248396,89144.6255843,1.1744999937945977
0,3,completed,89144.8292759,89144.8296192,89144.8300422,0.7662999996682629
1,3,completed,89144.8292759,89144.8296063,89144.8303835,1.1075999937020242
0,4,completed,89145.015953,89145.0162602,89145.0166337,0.6807000027038157
1,4,completed,89145.0159528,89145.0162753,89145.0169323,0.979500007815659
1,5,completed,89145.2203026,89145.2208655,89145.2214584,1.155799996922724
0,5,completed,89145.2203908,89145.2209275,89145.221861,1.470200004405342
1,6,completed,89145.4190753,89145.4197438,89145.4204211,1.3458000030368567
0,6,completed,89145.4190752,89145.4198024,89145.4209214,1.8462000007275492
0,7,completed,89145.6286955,89145.6290087,89145.6296609,0.9654000023147091
1,7,completed,89145.6287128,89145.6290664,89145.6301065,1.3937000039732084
0,8,completed,89145.8219253,89145.8222444,89145.822754,0.8286999945994467
1,8,completed,89145.8220096,89145.8223423,89145.8231247,1.1150999926030636
0,9,completed,89146.0227803,89146.0231217,89146.0235919,0.8115999953588471
1,9,completed,89146.0227919,89146.0231449,89146.023992,1.20009999955073
0,10,completed,89146.2173708,89146.2177371,89146.2181801,0.8092999923974276
1,10,completed,89146.2173731,89146.2177792,89146.2185194,1.1463000118965283
0,11,completed,89146.4189153,89146.4192628,89146.4197237,0.8084000000962988
1,11,completed,89146.418929,89146.4193273,89146.4201376,1.2085999915143475
1,12,completed,89146.6299028,89146.6304582,89146.6313688,1.4659999869763851
0,12,completed,89146.6298929,89146.6304412,89146.631918,2.0250999950803816
0,13,completed,89146.8286166,89146.8289661,89146.8294378,0.8211999956984073
1,13,completed,89146.8286069,89146.8289901,89146.8297896,1.1826999980257824
1,14,completed,89147.0294688,89147.0298369,89147.0303433,0.8744999940972775
0,14,completed,89147.0294488,89147.0299225,89147.030787,1.3381999888224527
0,15,completed,89147.2162479,89147.2166097,89147.2171797,0.931800008402206
1,15,completed,89147.2162188,89147.2166095,89147.217642,1.4232000103220344
1,16,completed,89147.4211318,89147.4215419,89147.4220302,0.8984000014606863
0,16,completed,89147.4211321,89147.421608,89147.4224208,1.2886999902548268
1,17,completed,89147.6280515,89147.6284773,89147.6290085,0.9569999965606257
0,17,completed,89147.6280337,89147.6284692,89147.6294039,1.370199999655597
1,18,completed,89147.8293652,89147.8298146,89147.830295,0.9298000077251345
0,18,completed,89147.8293653,89147.8298806,89147.8306995,1.334200002020225
1,19,completed,89148.0180547,89148.0184763,89148.0190412,0.9864999883575365
0,19,completed,89148.0180994,89148.0185627,89148.019467,1.3676000089617446
1,20,completed,89148.225532,89148.2259068,89148.2263978,0.8658000006107613
0,20,completed,89148.2255492,89148.2259237,89148.2267754,1.226200009114109
1,21,completed,89148.4284708,89148.4288204,89148.4292647,0.7938999915495515
0,21,completed,89148.4284862,89148.4288414,89148.4297266,1.240400000824593
1,22,completed,89148.622569,89148.6228926,89148.6233174,0.7483999943360686
0,22,completed,89148.6225825,89148.6228971,89148.623622,1.039499999023974
1,23,completed,89148.8264668,89148.8267698,89148.8272261,0.759299990022555
0,23,completed,89148.8264655,89148.8268003,89148.8275824,1.1169000063091516
0,24,completed,89149.0304519,89149.0307973,89149.0312558,0.803899994934909
1,24,completed,89149.0304755,89149.0308373,89149.0316527,1.1771999998018146
1,25,completed,89149.2275502,89149.2279404,89149.2284037,0.8535000088158995
0,25,completed,89149.2275884,89149.2280653,89149.2287455,1.1571000068215653
0,26,completed,89149.4160999,89149.4164594,89149.4169535,0.8535999950254336
1,26,completed,89149.4164072,89149.416737,89149.4173538,0.946600004681386
0,27,completed,89149.6212102,89149.6216232,89149.6221445,0.934299998334609
1,27,completed,89149.6212103,89149.6216291,89149.6224717,1.2614000006578863
1,28,completed,89149.824544,89149.8250182,89149.8256529,1.1089000036008656
0,28,completed,89149.8245522,89149.8250751,89149.8260351,1.4828999992460012
0,29,completed,89150.0278168,89150.0280854,89150.0285329,0.7161000103224069
1,29,completed,89150.0278482,89150.0282949,89150.0289012,1.0529999999562278
0,30,completed,89150.2193824,89150.2198497,89150.220423,1.0406000073999166
1,30,completed,89150.2195912,89150.2200122,89150.2208274,1.2361999979475513
1,31,completed,89150.4270867,89150.4275439,89150.428083,0.9963000047719106
0,31,completed,89150.427279,89150.4277355,89150.4284562,1.1771999998018146
0,32,completed,89150.6182217,89150.6184505,89150.6188298,0.6081000028643757
1,32,completed,89150.6182221,89150.6184851,89150.6191123,0.8901999972295016
0,33,completed,89150.8163303,89150.8164124,89150.8166451,0.3147999959765002
1,33,completed,89150.8163496,89150.81643,89150.8168313,0.4817000008188188
0,34,completed,89151.027259,89151.0273584,89151.0275897,0.33070000063162297
1,34,completed,89151.0272564,89151.0273546,89151.0277753,0.5188999930396676
1,35,completed,89151.2311669,89151.2312718,89151.2315105,0.34359999699518085
0,35,completed,89151.2311607,89151.2312465,89151.2317264,0.5657000001519918
1,36,completed,89151.4305806,89151.4306993,89151.4310281,0.44750000233761966
0,36,completed,89151.4305962,89151.4307243,89151.4312002,0.6039999861968681
1,37,completed,89151.6222612,89151.6225351,89151.6229115,0.6503000040538609
0,37,completed,89151.6222613,89151.6225031,89151.6231812,0.9199000051012263
0,38,completed,89151.8244499,89151.824536,89151.8247612,0.3112999984296039
1,38,completed,89151.8244494,89151.8245345,89151.8249081,0.45870000030845404
1,39,completed,89152.0288254,89152.02894,89152.0291711,0.3456999984337017
0,39,completed,89152.0288227,89152.02894,89152.0293637,0.5410000012489036
1,40,completed,89152.2182695,89152.2183633,89152.2185912,0.3217000048607588
0,40,completed,89152.2182617,89152.2183599,89152.2187949,0.5332000000635162
0,41,completed,89152.4163076,89152.4164343,89152.4168855,0.5779000057373196
1,41,completed,89152.4166724,89152.416866,89152.4177054,1.033000007737428
1,42,completed,89152.6229478,89152.6231828,89152.6234929,0.5451000033644959
0,42,completed,89152.6229502,89152.6231827,89152.623705,0.7547999994130805
0,43,completed,89152.8294786,89152.8295805,89152.8298726,0.39400000241585076
1,43,completed,89152.829503,89152.8296082,89152.8300887,0.5856999923707917
0,44,completed,89153.0294181,89153.0295038,89153.0297252,0.3070999955525622
1,44,completed,89153.0294062,89153.0294967,89153.0298947,0.4884999943897128
1,45,completed,89153.2196244,89153.2197388,89153.2200978,0.4734000103781
0,45,completed,89153.2197954,89153.2199164,89153.2202893,0.49390000640414655
0,46,completed,89153.4154365,89153.4155904,89153.4160539,0.6174000009195879
1,46,completed,89153.4157483,89153.4159038,89153.4163256,0.5773000011686236
1,47,completed,89153.6228249,89153.6230339,89153.6234568,0.6319000094663352
0,47,completed,89153.6228252,89153.6230644,89153.6237228,0.8975999953690916
1,48,completed,89153.8283983,89153.8286455,89153.8294886,1.090299992938526
0,48,completed,89153.828397,89153.828647,89153.8296974,1.300399992032908
0,49,completed,89154.0249889,89154.0252058,89154.0255601,0.5711999983759597
1,49,completed,89154.0249917,89154.0252177,89154.0257559,0.764199998229742
0,50,completed,89154.23131,89154.2315272,89154.2319133,0.603299995418638
1,50,completed,89154.2313557,89154.2315583,89154.2321223,0.7666000019526109
1,51,completed,89154.4221007,89154.4223019,89154.4226198,0.5190999945625663
0,51,completed,89154.4221008,89154.4223005,89154.4228398,0.7389999955194071
0,52,completed,89154.6216317,89154.6217329,89154.6220656,0.4338999860920012
1,52,completed,89154.621661,89154.621771,89154.6222283,0.567299997783266
1,53,completed,89154.8282003,89154.8283857,89154.8287391,0.5387999990489334
0,53,completed,89154.8282301,89154.8284102,89154.8289437,0.7136000058380887
1,54,completed,89155.0225577,89155.022686,89155.0229686,0.41090000013355166
0,54,completed,89155.022642,89155.0227432,89155.0231837,0.5417000065790489
1,55,completed,89155.2292961,89155.2293791,89155.229654,0.3578999894671142
0,55,completed,89155.2293206,89155.2294028,89155.2298535,0.5328999977791682
1,56,completed,89155.4176336,89155.4177228,89155.4180203,0.38670000503771007
0,56,completed,89155.4176254,89155.4177291,89155.4181985,0.5730999982915819
1,57,completed,89155.6270901,89155.6271803,89155.6275435,0.45340000360738486
0,57,completed,89155.6270846,89155.6272027,89155.6278127,0.7280999998329207
1,58,completed,89155.8181229,89155.8183318,89155.8187127,0.5897999944863841
0,58,completed,89155.8181264,89155.818345,89155.8189856,0.8591999940108508
1,59,completed,89156.0266336,89156.0267533,89156.0270291,0.3954999992856756
0,59,completed,89156.0266384,89156.0267698,89156.0271883,0.5498999962583184
0,60,completed,89156.2268749,89156.2270236,89156.2274146,0.5396999913500622
1,60,completed,89156.2268854,89156.2270109,89156.2276998,0.8144000021275133
0,61,completed,89156.4290919,89156.4291802,89156.4295006,0.40869999793358147
1,61,completed,89156.4291344,89156.4292091,89156.4297073,0.5729000113205984
0,62,completed,89156.6292934,89156.629515,89156.6298672,0.5738000036217272
1,62,completed,89156.6292899,89156.6294945,89156.6300294,0.7394999993266538
1,63,completed,89156.821152,89156.821236,89156.8216567,0.5047000013291836
0,63,completed,89156.8211342,89156.8212304,89156.821935,0.80080000043381
1,64,completed,89157.0164365,89157.0165384,89157.0168863,0.4498000052990392
0,64,completed,89157.0164234,89157.0165388,89157.0171034,0.6799999973736703
1,65,completed,89157.226599,89157.2267503,89157.2270401,0.4410999972606078
0,65,completed,89157.2265989,89157.2267503,89157.227263,0.6640999927185476
0,66,completed,89157.4161931,89157.4162827,89157.4166016,0.4084999964106828
1,66,completed,89157.416178,89157.4162811,89157.4168108,0.632800001767464
0,67,completed,89157.6277566,89157.6279079,89157.6282419,0.4852999991271645
1,67,completed,89157.62776,89157.6279101,89157.6284382,0.6781999982194975
1,68,completed,89157.8190618,89157.8191423,89157.8194097,0.3479000006336719
0,68,completed,89157.8190756,89157.8191698,89157.8196215,0.5459000094560906
0,69,completed,89158.030187,89158.0302969,89158.0305586,0.371600006474182
1,69,completed,89158.030175,89158.030312,89158.0307436,0.5685999931301922
0,70,completed,89158.2318261,89158.2319473,89158.2322978,0.47169999743346125
1,70,completed,89158.2318048,89158.2319537,89158.2324829,0.6780999974580482
1,71,completed,89158.4221157,89158.4223347,89158.4229391,0.8233999978983775
0,71,completed,89158.4221154,89158.4223371,89158.4231707,1.0553000029176474
1,72,completed,89158.6217504,89158.6218255,89158.6224387,0.6883000023663044
0,72,completed,89158.6217892,89158.6218689,89158.6226789,0.8897000079741701
0,73,completed,89158.8172549,89158.8173446,89158.8175755,0.3205999964848161
1,73,completed,89158.8172467,89158.8173425,89158.8177652,0.5185000045457855
1,74,completed,89159.0277973,89159.0279291,89159.0282897,0.4923999949824065
0,74,completed,89159.0278572,89159.0279603,89159.0285338,0.6766000005882233
0,75,completed,89159.2172892,89159.2173703,89159.2176421,0.3529000096023083
1,75,completed,89159.2172741,89159.2173422,89159.2178721,0.5979999987175688
1,76,completed,89159.4238836,89159.4240073,89159.4242778,0.39420000393874943
0,76,completed,89159.4238909,89159.4240031,89159.4245303,0.6394000083673745
0,77,completed,89159.6290713,89159.6292735,89159.6296318,0.5604999896604568
1,77,completed,89159.6290657,89159.6292714,89159.6298607,0.7949999999254942
0,78,completed,89159.8251589,89159.8253753,89159.8258021,0.6431999936467037
1,78,completed,89159.8251591,89159.8253732,89159.826047,0.8878999942680821
0,79,completed,89160.0308939,89160.0309935,89160.0313078,0.41390000842511654
1,79,completed,89160.0308931,89160.0310175,89160.0315918,0.6986999942455441
1,80,completed,89160.2195179,89160.2197801,89160.2201469,0.6290000019362196
0,80,completed,89160.2195341,89160.2197794,89160.2203412,0.8070999901974574
0,81,completed,89160.4303357,89160.4304637,89160.4309342,0.5985000025248155
1,81,completed,89160.4304098,89160.4305941,89160.4311944,0.7845999934943393
0,82,completed,89160.6199432,89160.6201484,89160.6205371,0.5938999966019765
1,82,completed,89160.6199709,89160.6201649,89160.6207633,0.7923999946797267
0,83,completed,89160.8164493,89160.8165708,89160.8168767,0.42740000935737044
1,83,completed,89160.8164473,89160.8165675,89160.8170407,0.5933999927947298
0,84,completed,89161.0242085,89161.0244094,89161.0248254,0.6168999971123412
1,84,completed,89161.0243206,89161.0244523,89161.0251207,0.8000999951036647
1,85,completed,89161.2308935,89161.2311101,89161.2315619,0.6683999963570386
0,85,completed,89161.2309451,89161.2311663,89161.2318379,0.8928000024752691
1,86,completed,89161.4199698,89161.4200797,89161.4203837,0.4138999938732013
0,86,completed,89161.4199899,89161.4201685,89161.4204854,0.4955000040354207
0,87,completed,89161.621984,89161.62209,89161.622381,0.3969999961555004
1,87,completed,89161.6219852,89161.6220922,89161.6225718,0.5865999992238358
1,88,completed,89161.8274257,89161.8275538,89161.8278614,0.43569999979808927
0,88,completed,89161.8274467,89161.8275654,89161.8280916,0.6448999920394272
1,89,completed,89162.027261,89162.0273667,89162.0276602,0.3991999983554706
0,89,completed,89162.0273209,89162.027403,89162.0278615,0.5405999982031062
1,90,completed,89162.224814,89162.2250191,89162.2254826,0.6685999978799373
0,90,completed,89162.2247566,89162.2250375,89162.2257396,0.9830000053625554
0,91,completed,89162.4233529,89162.4234962,89162.4240331,0.680199998896569
1,91,completed,89162.4236924,89162.4238895,89162.4242942,0.6017999985488132
0,92,completed,89162.6286935,89162.6288576,89162.6293472,0.6537000008393079
1,92,completed,89162.6290002,89162.629181,89162.6296306,0.6303999980445951
1,93,completed,89162.8186772,89162.8189128,89162.819329,0.6518000009236857
0,93,completed,89162.8187647,89162.8189754,89162.8195432,0.7785000052535906
1,94,completed,89163.0226637,89163.0228929,89163.0232861,0.6223999953363091
0,94,completed,89163.0226652,89163.0228995,89163.0234805,0.8152999944286421
1,95,completed,89163.2259408,89163.2260319,89163.226347,0.4062000080011785
0,95,completed,89163.2259514,89163.2260392,89163.2265861,0.6347000016830862
1,96,completed,89163.4165485,89163.416744,89163.4170896,0.5411000020103529
0,96,completed,89163.4165405,89163.4167274,89163.4172401,0.6996000010985881
1,97,completed,89163.629172,89163.6293093,89163.6297443,0.5722999921999872
0,97,completed,89163.6294854,89163.6296041,89163.6300137,0.5283000064082444
0,98,completed,89163.8206969,89163.8209387,89163.8213578,0.6608999974559993
1,98,completed,89163.8207018,89163.8209542,89163.8217116,1.0098000057041645
0,99,completed,89164.0288997,89164.029125,89164.0299465,1.0467999964021146
1,99,completed,89164.0288999,89164.0291338,89164.030228,1.328099999227561
0,100,completed,89164.2214359,89164.2216428,89164.2220279,0.5919999966863543
1,100,completed,89164.2214859,89164.2216946,89164.2222829,0.7970000006025657
1,101,completed,89164.4257715,89164.4258946,89164.4261468,0.375300005543977
0,101,completed,89164.42579,89164.4258967,89164.4263574,0.5674000130966306
1,102,completed,89164.6187606,89164.6190422,89164.6194304,0.6697999924654141
0,102,completed,89164.6187649,89164.6190347,89164.6196572,0.8922999986680225
1,103,completed,89164.8267469,89164.8269373,89164.8272615,0.5146000039530918
0,103,completed,89164.826747,89164.8269301,89164.8274234,0.6763999990653247
0,104,completed,89165.0166389,89165.0167069,89165.0170144,0.3755000070668757
1,104,completed,89165.0166347,89165.0167142,89165.017274,0.63929999305401
1,105,completed,89165.2176194,89165.2178473,89165.2182659,0.6464999896707013
0,105,completed,89165.2176194,89165.2178329,89165.2185361,0.9166999952867627
0,106,completed,89165.4242501,89165.4244462,89165.4248227,0.5726000090362504
1,106,completed,89165.4242502,89165.4244902,89165.4250025,0.7522999949287623
0,107,completed,89165.6182127,89165.6184078,89165.618793,0.5802999949082732
1,107,completed,89165.6182001,89165.6184144,89165.6190812,0.8811000006971881
1,108,completed,89165.822337,89165.8224039,89165.8227853,0.44829999387729913
0,108,completed,89165.8226206,89165.8227291,89165.8234111,0.7905000093160197
0,109,completed,89166.028232,89166.0283221,89166.0286398,0.40780000563245267
1,109,completed,89166.0282377,89166.0283344,89166.0288551,0.6174000009195879
1,110,completed,89166.226397,89166.226564,89166.2268598,0.46279998787213117
0,110,completed,89166.2263971,89166.226553,89166.2270867,0.6895999977132306
0,111,completed,89166.4190377,89166.4192376,89166.4196399,0.6022000015946105
1,111,completed,89166.4190388,89166.4192734,89166.4198701,0.8312999998452142
1,112,completed,89166.6254099,89166.6255273,89166.6258983,0.4883999936282635
0,112,completed,89166.6254232,89166.6255272,89166.6261142,0.690999993821606
1,113,completed,89166.824935,89166.825125,89166.8255197,0.5846999993082136
0,113,completed,89166.8249918,89166.8251663,89166.8257419,0.7501000072807074
0,114,completed,89167.0190425,89167.0191328,89167.0194459,0.4034000012325123
1,114,completed,89167.0190384,89167.0191446,89167.0196246,0.5861999961780384
1,115,completed,89167.2259552,89167.2261954,89167.2265553,0.6001000001560897
0,115,completed,89167.2259751,89167.2261856,89167.2268144,0.8393000025535002
0,116,completed,89167.4159483,89167.4160911,89167.4165212,0.5728999967686832
1,116,completed,89167.4160989,89167.4162686,89167.4167972,0.698300005751662
1,117,completed,89167.6243796,89167.6245931,89167.6249868,0.6071999960113317
0,117,completed,89167.6245889,89167.6247161,89167.6252312,0.6423000013455749
0,118,completed,89167.817242,89167.8174419,89167.8178001,0.5581000004895031
1,118,completed,89167.8172428,89167.8174658,89167.8180139,0.7711000071140006
0,119,completed,89168.0262886,89168.0263906,89168.0267049,0.41629999759607017
1,119,completed,89168.0263246,89168.0264204,89168.0269588,0.6341999978758395
0,120,completed,89168.2169212,89168.2170114,89168.2172885,0.367300002835691
1,120,completed,89168.2169099,89168.2170009,89168.2174589,0.5490000039571896
0,121,completed,89168.4315306,89168.4317466,89168.432174,0.6433999951696023
1,121,completed,89168.4316488,89168.4318549,89168.4325243,0.8755000017117709
0,122,completed,89168.6202886,89168.620362,89168.6209575,0.6689000001642853
1,122,completed,89168.6206759,89168.6207545,89168.6211707,0.49479999870527536
1,123,completed,89168.8161639,89168.8163302,89168.8167133,0.5493999924510717
0,123,completed,89168.8322259,89168.832392,89168.8327757,0.5497999954968691
0,124,completed,89169.0240659,89169.0243285,89169.0247058,0.639899997622706
1,124,completed,89169.0240689,89169.0243285,89169.0250017,0.9328000014647841
1,125,completed,89169.2278957,89169.2280344,89169.228322,0.42630000098142773
0,125,completed,89169.2278985,89169.2280344,89169.22857,0.6715000054100528
0,126,completed,89169.4204643,89169.4205576,89169.4208273,0.36299999919719994
1,126,completed,89169.4204779,89169.4205674,89169.4210048,0.5268999957479537
1,127,completed,89169.6238149,89169.6240627,89169.6251481,1.3332000089576468
0,127,completed,89169.623811,89169.6240613,89169.6252925,1.4815000031376258
1,128,completed,89169.8231056,89169.8232388,89169.8235007,0.39510001079179347
0,128,completed,89169.8231053,89169.8232391,89169.8237281,0.6227999983821064
1,129,completed,89170.0288061,89170.0289062,89170.0292007,0.39459999243263155
0,129,completed,89170.0288203,89170.0289199,89170.0294481,0.6278000073507428
0,130,completed,89170.2164791,89170.2166995,89170.2171726,0.6934999983059242
1,130,completed,89170.2165349,89170.2167679,89170.2174483,0.913399999262765
0,131,completed,89170.4316271,89170.4318958,89170.4323346,0.7075000030454248
1,131,completed,89170.4316274,89170.4318967,89170.4325779,0.9505000052740797
0,132,completed,89170.6227178,89170.6229563,89170.6233186,0.600800005486235
1,132,completed,89170.6227283,89170.6229388,89170.6235839,0.8555999957025051
0,133,completed,89170.8319295,89170.8321406,89170.8324854,0.555899998289533
1,133,completed,89170.8319257,89170.8321453,89170.8327181,0.7924000092316419
1,134,completed,89171.0270421,89171.027149,89171.0274848,0.44269999489188194
0,134,completed,89171.0270305,89171.0271365,89171.0277177,0.6871999939903617
1,135,completed,89171.2171511,89171.2173376,89171.2177115,0.5603999888990074
0,135,completed,89171.2171471,89171.2173629,89171.2179478,0.8006999996723607
1,136,completed,89171.4290251,89171.4291364,89171.4294054,0.3802999999606982
0,136,completed,89171.4290567,89171.4291526,89171.4295706,0.5138999986229464
1,137,completed,89171.6180777,89171.618196,89171.6185304,0.4526999982772395
0,137,completed,89171.6181321,89171.6182204,89171.6187373,0.6051999953342602
0,138,completed,89171.8228351,89171.822929,89171.8231671,0.3319999959785491
1,138,completed,89171.8228115,89171.8229171,89171.8232879,0.47640000411774963
0,139,completed,89172.0222246,89172.0224462,89172.0227902,0.5655999993905425
1,139,completed,89172.0222247,89172.022445,89172.02303,0.8052999910432845
0,140,completed,89172.2301068,89172.2303037,89172.2306771,0.5703000060748309
1,140,completed,89172.2301065,89172.2303021,89172.2309513,0.8447999862255529
1,141,completed,89172.4198417,89172.4199091,89172.4201616,0.31990000570658594
0,141,completed,89172.419875,89172.419954,89172.4203424,0.4673999937949702
0,142,completed,89172.6186878,89172.6188736,89172.6191646,0.47679999261163175
1,142,completed,89172.6186881,89172.6188781,89172.6193716,0.6834999949205667
0,143,completed,89172.8248091,89172.8248795,89172.8252541,0.44499999785330147
1,143,completed,89172.8249238,89172.8249817,89172.825504,0.5801999941468239
0,144,completed,89173.0255812,89173.0256891,89173.0259651,0.38389999826904386
1,144,completed,89173.0256306,89173.0257326,89173.0261675,0.5368999991333112
1,145,completed,89173.2301035,89173.2301988,89173.2305202,0.4167000006418675
0,145,completed,89173.2301159,89173.2302128,89173.2307324,0.6164999940665439
0,146,completed,89173.4196895,89173.4198502,89173.4203078,0.6182999932207167
1,146,completed,89173.4199451,89173.4200989,89173.4205768,0.6316999933915213
0,147,completed,89173.6182725,89173.618571,89173.6190107,0.7382000039797276
1,147,completed,89173.6184416,89173.6186364,89173.6192864,0.8448000007774681
1,148,completed,89173.8249754,89173.825176,89173.8255766,0.6011999939801171
0,148,completed,89173.8250023,89173.825208,89173.8258251,0.8227999933296815
1,149,completed,89174.0320425,89174.0322738,89174.0326567,0.6142000056570396
0,149,completed,89174.0320043,89174.0323199,89174.032884,0.8797000045888126
